2026-08-20 11:41:44 [] [] [] [main] INFO  c.s.t.TransportServiceApplication - Starting TransportServiceApplication using Java 17.0.16 with PID 31416 (D:\RMSC Code\Transport-Service\target\classes started by conte in D:\SERp\git code staff\Academic-Module)
2026-08-20 11:41:44 [] [] [] [main] INFO  c.s.t.TransportServiceApplication - No active profile set, falling back to 1 default profile: "default"
2026-08-20 11:41:50 [] [] [] [main] INFO  o.s.d.r.c.RepositoryConfigurationDelegate - Bootstrapping Spring Data JPA repositories in DEFAULT mode.
2026-08-20 11:41:50 [] [] [] [main] INFO  o.s.d.r.c.RepositoryConfigurationDelegate - Finished Spring Data repository scanning in 310 ms. Found 19 JPA repository interfaces.
2026-08-20 11:41:50 [] [] [] [main] INFO  o.s.cloud.context.scope.GenericScope - BeanFactory id=18cf57fc-78bb-3ee5-9577-9a6a9b004e35
2026-08-20 11:41:51 [] [] [] [main] INFO  o.s.b.w.e.tomcat.TomcatWebServer - Tomcat initialized with port 8071 (http)
2026-08-20 11:41:51 [] [] [] [main] INFO  o.a.catalina.core.StandardService - Starting service [Tomcat]
2026-08-20 11:41:51 [] [] [] [main] INFO  o.a.catalina.core.StandardEngine - Starting Servlet engine: [Apache Tomcat/10.1.44]
2026-08-20 11:41:52 [] [] [] [main] INFO  o.a.c.c.C.[Tomcat].[localhost].[/] - Initializing Spring embedded WebApplicationContext
2026-08-20 11:41:52 [] [] [] [main] INFO  o.s.b.w.s.c.ServletWebServerApplicationContext - Root WebApplicationContext: initialization completed in 7862 ms
2026-08-20 11:41:52 [] [] [] [main] INFO  o.h.jpa.internal.util.LogHelper - HHH000204: Processing PersistenceUnitInfo [name: default]
2026-08-20 11:41:52 [] [] [] [main] INFO  org.hibernate.Version - HHH000412: Hibernate ORM core version 6.6.26.Final
2026-08-20 11:41:52 [] [] [] [main] INFO  o.h.c.i.RegionFactoryInitiator - HHH000026: Second-level cache disabled
2026-08-20 11:41:53 [] [] [] [main] INFO  o.s.o.j.p.SpringPersistenceUnitInfo - No LoadTimeWeaver setup: ignoring JPA class transformer
2026-08-20 11:41:53 [] [] [] [main] INFO  com.zaxxer.hikari.HikariDataSource - HikariPool-1 - Starting...
2026-08-20 11:41:53 [] [] [] [main] INFO  com.zaxxer.hikari.pool.HikariPool - HikariPool-1 - Added connection com.mysql.cj.jdbc.ConnectionImpl@44a98a23
2026-08-20 11:41:53 [] [] [] [main] INFO  com.zaxxer.hikari.HikariDataSource - HikariPool-1 - Start completed.
2026-08-20 11:41:54 [] [] [] [main] WARN  org.hibernate.orm.deprecation - HHH90000025: MySQL8Dialect does not need to be specified explicitly using 'hibernate.dialect' (remove the property setting and it will be selected by default)
2026-08-20 11:41:54 [] [] [] [main] WARN  org.hibernate.orm.deprecation - HHH90000026: MySQL8Dialect has been deprecated; use org.hibernate.dialect.MySQLDialect instead
2026-08-20 11:41:54 [] [] [] [main] INFO  o.hibernate.orm.connections.pooling - HHH10001005: Database info:
	Database JDBC URL [undefined/unknown]
	Database driver: undefined/unknown
	Database version: 8.0
	Autocommit mode: undefined/unknown
	Isolation level: undefined/unknown
	Minimum pool size: undefined/unknown
	Maximum pool size: undefined/unknown
2026-08-20 11:41:57 [] [] [] [main] INFO  o.h.e.t.j.p.i.JtaPlatformInitiator - HHH000489: No JTA platform available (set 'hibernate.transaction.jta.platform' to enable JTA platform integration)
2026-08-20 11:41:59 [] [] [] [main] INFO  o.s.o.j.LocalContainerEntityManagerFactoryBean - Initialized JPA EntityManagerFactory for persistence unit 'default'
2026-08-20 11:41:59 [] [] [] [main] INFO  o.s.d.j.r.query.QueryEnhancerFactory - Hibernate is in classpath; If applicable, HQL parser will be used.
2026-08-20 11:42:04 [] [] [] [main] WARN  o.s.b.a.o.j.JpaBaseConfiguration$JpaWebConfiguration - spring.jpa.open-in-view is enabled by default. Therefore, database queries may be performed during view rendering. Explicitly configure spring.jpa.open-in-view to disable this warning
2026-08-20 11:42:05 [] [] [] [main] INFO  o.s.c.n.e.c.DiscoveryClientOptionalArgsConfiguration - Eureka HTTP Client uses RestTemplate.
2026-08-20 11:42:05 [] [] [] [main] WARN  o.s.c.l.c.LoadBalancerCacheAutoConfiguration$LoadBalancerCaffeineWarnLogger - Spring Cloud LoadBalancer is currently working with the default cache. While this cache implementation is useful for development and tests, it's recommended to use Caffeine cache in production.You can switch to using Caffeine cache, by adding it and org.springframework.cache.caffeine.CaffeineCacheManager to the classpath.
2026-08-20 11:42:05 [] [] [] [main] INFO  o.s.b.a.e.web.EndpointLinksResolver - Exposing 3 endpoints beneath base path '/actuator'
2026-08-20 11:42:05 [] [] [] [main] INFO  o.s.c.n.eureka.InstanceInfoFactory - Setting initial instance status as: STARTING
2026-08-20 11:42:05 [] [] [] [main] INFO  c.netflix.discovery.DiscoveryClient - Initializing Eureka in region us-east-1
2026-08-20 11:42:05 [] [] [] [main] INFO  c.netflix.discovery.DiscoveryClient - Client configured to neither register nor query for data.
2026-08-20 11:42:05 [] [] [] [main] INFO  c.netflix.discovery.DiscoveryClient - Discovery Client initialized at timestamp 1787206325858 with initial instances count: 0
2026-08-20 11:42:05 [] [] [] [main] INFO  o.s.c.n.e.s.EurekaServiceRegistry - Registering application TRANSPORTSERVICE with eureka with status UP
2026-08-20 11:42:05 [] [] [] [main] INFO  o.s.b.w.e.tomcat.TomcatWebServer - Tomcat started on port 8071 (http) with context path '/'
2026-08-20 11:42:05 [] [] [] [main] INFO  o.s.c.n.e.s.EurekaAutoServiceRegistration - Updating port to 8071
2026-08-20 11:42:06 [] [] [] [main] INFO  c.s.t.TransportServiceApplication - Started TransportServiceApplication in 23.092 seconds (process running for 24.921)
2026-08-20 11:44:06 [] [] [] [http-nio-8071-exec-2] INFO  o.a.c.c.C.[Tomcat].[localhost].[/] - Initializing Spring DispatcherServlet 'dispatcherServlet'
2026-08-20 11:44:06 [] [] [] [http-nio-8071-exec-2] INFO  o.s.web.servlet.DispatcherServlet - Initializing Servlet 'dispatcherServlet'
2026-08-20 11:44:07 [] [] [] [http-nio-8071-exec-2] INFO  o.s.web.servlet.DispatcherServlet - Completed initialization in 198 ms
2026-08-20 11:44:09 [] [] [] [http-nio-8071-exec-2] INFO  c.s.transport.config.TenantFilter - 🔍 Decoded JWT Claims: {name=NUCLEUS (ANILYAGIK), userType=COADMIN, userId=3484, email=nucleus1@siper.ac.in, sub=nucleus1@siper.ac.in, iat=1786623732, exp=1786624632}
2026-08-20 11:44:09 [] [] [] [http-nio-8071-exec-2] WARN  c.s.transport.config.TenantFilter - ⚠️ No 'schema' or 'tenant' claim found in JWT payload
2026-08-20 11:44:09 [] [] [] [http-nio-8071-exec-2] WARN  c.s.transport.config.TenantFilter - ⚠️ No schema resolved from JWT or X-Schema header; using default tenant
2026-08-20 11:44:09 [A3D9916E] [d4bffc0a-91a9-4bc4-9211-22028b188a99] [GET /api/v1/transport-module/fee-reports/getTransportFeeReport] [http-nio-8071-exec-2] INFO  c.s.t.interceptor.LoggingInterceptor - Incoming request: GET /api/v1/transport-module/fee-reports/getTransportFeeReport | logId: A3D9916E | requestId: d4bffc0a-91a9-4bc4-9211-22028b188a99
2026-08-20 11:45:47 [] [] [] [HikariPool-1:housekeeper] WARN  com.zaxxer.hikari.pool.HikariPool - HikariPool-1 - Thread starvation or clock leap detected (housekeeper delta=1m53s340ms731µs900ns).
2026-08-20 11:46:11 [A3D9916E] [d4bffc0a-91a9-4bc4-9211-22028b188a99] [GET /api/v1/transport-module/fee-reports/getTransportFeeReport] [http-nio-8071-exec-2] INFO  c.s.t.interceptor.LoggingInterceptor - Request completed: GET /api/v1/transport-module/fee-reports/getTransportFeeReport | Status: 200 | logId: A3D9916E | requestId: d4bffc0a-91a9-4bc4-9211-22028b188a99
2026-08-20 11:48:03 [] [] [] [http-nio-8071-exec-4] INFO  c.s.transport.config.TenantFilter - 🔍 Decoded JWT Claims: {name=NUCLEUS (ANILYAGIK), userType=COADMIN, userId=3484, email=nucleus1@siper.ac.in, sub=nucleus1@siper.ac.in, iat=1786623732, exp=1786624632}
2026-08-20 11:48:03 [] [] [] [http-nio-8071-exec-4] WARN  c.s.transport.config.TenantFilter - ⚠️ No 'schema' or 'tenant' claim found in JWT payload
2026-08-20 11:48:03 [] [] [] [http-nio-8071-exec-4] WARN  c.s.transport.config.TenantFilter - ⚠️ No schema resolved from JWT or X-Schema header; using default tenant
2026-08-20 11:48:03 [C9324CD6] [7df6bcd0-ccd1-4315-9f89-85d19f7d145e] [GET /api/v1/transport-module/fee-reports/getTransportFeeReport] [http-nio-8071-exec-4] INFO  c.s.t.interceptor.LoggingInterceptor - Incoming request: GET /api/v1/transport-module/fee-reports/getTransportFeeReport | logId: C9324CD6 | requestId: 7df6bcd0-ccd1-4315-9f89-85d19f7d145e
2026-08-20 12:08:55 [] [] [] [HikariPool-1:housekeeper] WARN  com.zaxxer.hikari.pool.HikariPool - HikariPool-1 - Thread starvation or clock leap detected (housekeeper delta=19m47s596ms814µs).
2026-08-20 12:09:21 [C9324CD6] [7df6bcd0-ccd1-4315-9f89-85d19f7d145e] [GET /api/v1/transport-module/fee-reports/getTransportFeeReport] [http-nio-8071-exec-4] INFO  c.s.t.interceptor.LoggingInterceptor - Request completed: GET /api/v1/transport-module/fee-reports/getTransportFeeReport | Status: 200 | logId: C9324CD6 | requestId: 7df6bcd0-ccd1-4315-9f89-85d19f7d145e
2026-08-20 12:09:23 [] [] [] [SpringApplicationShutdownHook] INFO  o.s.c.n.e.s.EurekaServiceRegistry - Unregistering application TRANSPORTSERVICE with eureka with status DOWN
2026-08-20 12:09:23 [] [] [] [SpringApplicationShutdownHook] INFO  o.s.b.w.e.tomcat.GracefulShutdown - Commencing graceful shutdown. Waiting for active requests to complete
2026-08-20 12:09:24 [] [] [] [tomcat-shutdown] INFO  o.s.b.w.e.tomcat.GracefulShutdown - Graceful shutdown complete
2026-08-20 12:09:24 [] [] [] [SpringApplicationShutdownHook] INFO  o.s.o.j.LocalContainerEntityManagerFactoryBean - Closing JPA EntityManagerFactory for persistence unit 'default'
2026-08-20 12:09:24 [] [] [] [SpringApplicationShutdownHook] INFO  com.zaxxer.hikari.HikariDataSource - HikariPool-1 - Shutdown initiated...
2026-08-20 12:09:24 [] [] [] [SpringApplicationShutdownHook] INFO  com.zaxxer.hikari.HikariDataSource - HikariPool-1 - Shutdown completed.
2026-08-20 12:09:24 [] [] [] [SpringApplicationShutdownHook] INFO  c.netflix.discovery.DiscoveryClient - Shutting down DiscoveryClient ...
2026-08-20 12:09:24 [] [] [] [SpringApplicationShutdownHook] INFO  c.netflix.discovery.DiscoveryClient - Completed shut down of DiscoveryClient
2026-08-20 12:09:38 [] [] [] [main] INFO  c.s.t.TransportServiceApplication - Starting TransportServiceApplication using Java 17.0.16 with PID 5360 (D:\RMSC Code\Transport-Service\target\classes started by conte in D:\SERp\git code staff\Academic-Module)
2026-08-20 12:09:38 [] [] [] [main] INFO  c.s.t.TransportServiceApplication - No active profile set, falling back to 1 default profile: "default"
2026-08-20 12:09:40 [] [] [] [main] INFO  o.s.d.r.c.RepositoryConfigurationDelegate - Bootstrapping Spring Data JPA repositories in DEFAULT mode.
2026-08-20 12:09:41 [] [] [] [main] INFO  o.s.d.r.c.RepositoryConfigurationDelegate - Finished Spring Data repository scanning in 298 ms. Found 19 JPA repository interfaces.
2026-08-20 12:09:41 [] [] [] [main] INFO  o.s.cloud.context.scope.GenericScope - BeanFactory id=18cf57fc-78bb-3ee5-9577-9a6a9b004e35
2026-08-20 12:09:42 [] [] [] [main] INFO  o.s.b.w.e.tomcat.TomcatWebServer - Tomcat initialized with port 8071 (http)
2026-08-20 12:09:42 [] [] [] [main] INFO  o.a.catalina.core.StandardService - Starting service [Tomcat]
2026-08-20 12:09:42 [] [] [] [main] INFO  o.a.catalina.core.StandardEngine - Starting Servlet engine: [Apache Tomcat/10.1.44]
2026-08-20 12:09:42 [] [] [] [main] INFO  o.a.c.c.C.[Tomcat].[localhost].[/] - Initializing Spring embedded WebApplicationContext
2026-08-20 12:09:42 [] [] [] [main] INFO  o.s.b.w.s.c.ServletWebServerApplicationContext - Root WebApplicationContext: initialization completed in 3882 ms
2026-08-20 12:09:42 [] [] [] [main] INFO  o.h.jpa.internal.util.LogHelper - HHH000204: Processing PersistenceUnitInfo [name: default]
2026-08-20 12:09:42 [] [] [] [main] INFO  org.hibernate.Version - HHH000412: Hibernate ORM core version 6.6.26.Final
2026-08-20 12:09:43 [] [] [] [main] INFO  o.h.c.i.RegionFactoryInitiator - HHH000026: Second-level cache disabled
2026-08-20 12:09:43 [] [] [] [main] INFO  o.s.o.j.p.SpringPersistenceUnitInfo - No LoadTimeWeaver setup: ignoring JPA class transformer
2026-08-20 12:09:43 [] [] [] [main] INFO  com.zaxxer.hikari.HikariDataSource - HikariPool-1 - Starting...
2026-08-20 12:09:43 [] [] [] [main] INFO  com.zaxxer.hikari.pool.HikariPool - HikariPool-1 - Added connection com.mysql.cj.jdbc.ConnectionImpl@19540247
2026-08-20 12:09:43 [] [] [] [main] INFO  com.zaxxer.hikari.HikariDataSource - HikariPool-1 - Start completed.
2026-08-20 12:09:43 [] [] [] [main] WARN  org.hibernate.orm.deprecation - HHH90000025: MySQL8Dialect does not need to be specified explicitly using 'hibernate.dialect' (remove the property setting and it will be selected by default)
2026-08-20 12:09:43 [] [] [] [main] WARN  org.hibernate.orm.deprecation - HHH90000026: MySQL8Dialect has been deprecated; use org.hibernate.dialect.MySQLDialect instead
2026-08-20 12:09:43 [] [] [] [main] INFO  o.hibernate.orm.connections.pooling - HHH10001005: Database info:
	Database JDBC URL [undefined/unknown]
	Database driver: undefined/unknown
	Database version: 8.0
	Autocommit mode: undefined/unknown
	Isolation level: undefined/unknown
	Minimum pool size: undefined/unknown
	Maximum pool size: undefined/unknown
2026-08-20 12:09:46 [] [] [] [main] INFO  o.h.e.t.j.p.i.JtaPlatformInitiator - HHH000489: No JTA platform available (set 'hibernate.transaction.jta.platform' to enable JTA platform integration)
2026-08-20 12:09:47 [] [] [] [main] INFO  o.s.o.j.LocalContainerEntityManagerFactoryBean - Initialized JPA EntityManagerFactory for persistence unit 'default'
2026-08-20 12:09:47 [] [] [] [main] INFO  o.s.d.j.r.query.QueryEnhancerFactory - Hibernate is in classpath; If applicable, HQL parser will be used.
2026-08-20 12:11:28 [] [] [] [main] INFO  c.s.t.TransportServiceApplication - Starting TransportServiceApplication using Java 17.0.16 with PID 22600 (D:\RMSC Code\Transport-Service\target\classes started by conte in D:\SERp\git code staff\Academic-Module)
2026-08-20 12:11:28 [] [] [] [main] INFO  c.s.t.TransportServiceApplication - No active profile set, falling back to 1 default profile: "default"
2026-08-20 12:11:30 [] [] [] [main] INFO  o.s.d.r.c.RepositoryConfigurationDelegate - Bootstrapping Spring Data JPA repositories in DEFAULT mode.
2026-08-20 12:11:30 [] [] [] [main] INFO  o.s.d.r.c.RepositoryConfigurationDelegate - Finished Spring Data repository scanning in 293 ms. Found 19 JPA repository interfaces.
2026-08-20 12:11:31 [] [] [] [main] INFO  o.s.cloud.context.scope.GenericScope - BeanFactory id=18cf57fc-78bb-3ee5-9577-9a6a9b004e35
2026-08-20 12:11:31 [] [] [] [main] INFO  o.s.b.w.e.tomcat.TomcatWebServer - Tomcat initialized with port 8071 (http)
2026-08-20 12:11:31 [] [] [] [main] INFO  o.a.catalina.core.StandardService - Starting service [Tomcat]
2026-08-20 12:11:31 [] [] [] [main] INFO  o.a.catalina.core.StandardEngine - Starting Servlet engine: [Apache Tomcat/10.1.44]
2026-08-20 12:11:31 [] [] [] [main] INFO  o.a.c.c.C.[Tomcat].[localhost].[/] - Initializing Spring embedded WebApplicationContext
2026-08-20 12:11:31 [] [] [] [main] INFO  o.s.b.w.s.c.ServletWebServerApplicationContext - Root WebApplicationContext: initialization completed in 3221 ms
2026-08-20 12:11:32 [] [] [] [main] INFO  o.h.jpa.internal.util.LogHelper - HHH000204: Processing PersistenceUnitInfo [name: default]
2026-08-20 12:11:32 [] [] [] [main] INFO  org.hibernate.Version - HHH000412: Hibernate ORM core version 6.6.26.Final
2026-08-20 12:11:32 [] [] [] [main] INFO  o.h.c.i.RegionFactoryInitiator - HHH000026: Second-level cache disabled
2026-08-20 12:11:32 [] [] [] [main] INFO  o.s.o.j.p.SpringPersistenceUnitInfo - No LoadTimeWeaver setup: ignoring JPA class transformer
2026-08-20 12:11:32 [] [] [] [main] INFO  com.zaxxer.hikari.HikariDataSource - HikariPool-1 - Starting...
2026-08-20 12:11:32 [] [] [] [main] INFO  com.zaxxer.hikari.pool.HikariPool - HikariPool-1 - Added connection com.mysql.cj.jdbc.ConnectionImpl@acb1c9c
2026-08-20 12:11:32 [] [] [] [main] INFO  com.zaxxer.hikari.HikariDataSource - HikariPool-1 - Start completed.
2026-08-20 12:11:33 [] [] [] [main] WARN  org.hibernate.orm.deprecation - HHH90000025: MySQL8Dialect does not need to be specified explicitly using 'hibernate.dialect' (remove the property setting and it will be selected by default)
2026-08-20 12:11:33 [] [] [] [main] WARN  org.hibernate.orm.deprecation - HHH90000026: MySQL8Dialect has been deprecated; use org.hibernate.dialect.MySQLDialect instead
2026-08-20 12:11:33 [] [] [] [main] INFO  o.hibernate.orm.connections.pooling - HHH10001005: Database info:
	Database JDBC URL [undefined/unknown]
	Database driver: undefined/unknown
	Database version: 8.0
	Autocommit mode: undefined/unknown
	Isolation level: undefined/unknown
	Minimum pool size: undefined/unknown
	Maximum pool size: undefined/unknown
2026-08-20 12:11:34 [] [] [] [main] INFO  o.h.e.t.j.p.i.JtaPlatformInitiator - HHH000489: No JTA platform available (set 'hibernate.transaction.jta.platform' to enable JTA platform integration)
2026-08-20 12:11:35 [] [] [] [main] INFO  o.s.o.j.LocalContainerEntityManagerFactoryBean - Initialized JPA EntityManagerFactory for persistence unit 'default'
2026-08-20 12:11:36 [] [] [] [main] INFO  o.s.d.j.r.query.QueryEnhancerFactory - Hibernate is in classpath; If applicable, HQL parser will be used.
2026-08-20 12:11:40 [] [] [] [main] WARN  o.s.b.a.o.j.JpaBaseConfiguration$JpaWebConfiguration - spring.jpa.open-in-view is enabled by default. Therefore, database queries may be performed during view rendering. Explicitly configure spring.jpa.open-in-view to disable this warning
2026-08-20 12:11:41 [] [] [] [main] INFO  o.s.c.n.e.c.DiscoveryClientOptionalArgsConfiguration - Eureka HTTP Client uses RestTemplate.
2026-08-20 12:11:41 [] [] [] [main] WARN  o.s.c.l.c.LoadBalancerCacheAutoConfiguration$LoadBalancerCaffeineWarnLogger - Spring Cloud LoadBalancer is currently working with the default cache. While this cache implementation is useful for development and tests, it's recommended to use Caffeine cache in production.You can switch to using Caffeine cache, by adding it and org.springframework.cache.caffeine.CaffeineCacheManager to the classpath.
2026-08-20 12:11:41 [] [] [] [main] INFO  o.s.b.a.e.web.EndpointLinksResolver - Exposing 3 endpoints beneath base path '/actuator'
2026-08-20 12:11:41 [] [] [] [main] INFO  o.s.c.n.eureka.InstanceInfoFactory - Setting initial instance status as: STARTING
2026-08-20 12:11:41 [] [] [] [main] INFO  c.netflix.discovery.DiscoveryClient - Initializing Eureka in region us-east-1
2026-08-20 12:11:41 [] [] [] [main] INFO  c.netflix.discovery.DiscoveryClient - Client configured to neither register nor query for data.
2026-08-20 12:11:41 [] [] [] [main] INFO  c.netflix.discovery.DiscoveryClient - Discovery Client initialized at timestamp 1787208101957 with initial instances count: 0
2026-08-20 12:11:41 [] [] [] [main] INFO  o.s.c.n.e.s.EurekaServiceRegistry - Registering application TRANSPORTSERVICE with eureka with status UP
2026-08-20 12:11:42 [] [] [] [main] INFO  o.s.b.w.e.tomcat.TomcatWebServer - Tomcat started on port 8071 (http) with context path '/'
2026-08-20 12:11:42 [] [] [] [main] INFO  o.s.c.n.e.s.EurekaAutoServiceRegistration - Updating port to 8071
2026-08-20 12:11:42 [] [] [] [main] INFO  c.s.t.TransportServiceApplication - Started TransportServiceApplication in 14.576 seconds (process running for 15.742)
2026-08-20 12:20:41 [] [] [] [HikariPool-1:housekeeper] WARN  com.zaxxer.hikari.pool.PoolBase - HikariPool-1 - Failed to validate connection com.mysql.cj.jdbc.ConnectionImpl@14e5ea29 (No operations allowed after connection closed.). Possibly consider using a shorter maxLifetime value.
2026-08-20 12:20:59 [] [] [] [SpringApplicationShutdownHook] INFO  o.s.c.n.e.s.EurekaServiceRegistry - Unregistering application TRANSPORTSERVICE with eureka with status DOWN
2026-08-20 12:20:59 [] [] [] [SpringApplicationShutdownHook] INFO  o.s.b.w.e.tomcat.GracefulShutdown - Commencing graceful shutdown. Waiting for active requests to complete
2026-08-20 12:20:59 [] [] [] [tomcat-shutdown] INFO  o.s.b.w.e.tomcat.GracefulShutdown - Graceful shutdown complete
2026-08-20 12:20:59 [] [] [] [SpringApplicationShutdownHook] INFO  o.s.o.j.LocalContainerEntityManagerFactoryBean - Closing JPA EntityManagerFactory for persistence unit 'default'
2026-08-20 12:20:59 [] [] [] [SpringApplicationShutdownHook] INFO  com.zaxxer.hikari.HikariDataSource - HikariPool-1 - Shutdown initiated...
2026-08-20 12:20:59 [] [] [] [SpringApplicationShutdownHook] INFO  com.zaxxer.hikari.HikariDataSource - HikariPool-1 - Shutdown completed.
2026-08-20 12:20:59 [] [] [] [SpringApplicationShutdownHook] INFO  c.netflix.discovery.DiscoveryClient - Shutting down DiscoveryClient ...
2026-08-20 12:20:59 [] [] [] [SpringApplicationShutdownHook] INFO  c.netflix.discovery.DiscoveryClient - Completed shut down of DiscoveryClient
2026-08-20 12:21:07 [] [] [] [main] INFO  c.s.t.TransportServiceApplication - Starting TransportServiceApplication using Java 17.0.16 with PID 4996 (D:\RMSC Code\Transport-Service\target\classes started by conte in D:\SERp\git code staff\Academic-Module)
2026-08-20 12:21:07 [] [] [] [main] INFO  c.s.t.TransportServiceApplication - No active profile set, falling back to 1 default profile: "default"
2026-08-20 12:21:09 [] [] [] [main] INFO  o.s.d.r.c.RepositoryConfigurationDelegate - Bootstrapping Spring Data JPA repositories in DEFAULT mode.
2026-08-20 12:21:09 [] [] [] [main] INFO  o.s.d.r.c.RepositoryConfigurationDelegate - Finished Spring Data repository scanning in 253 ms. Found 19 JPA repository interfaces.
2026-08-20 12:21:10 [] [] [] [main] INFO  o.s.cloud.context.scope.GenericScope - BeanFactory id=18cf57fc-78bb-3ee5-9577-9a6a9b004e35
2026-08-20 12:21:10 [] [] [] [main] INFO  o.s.b.w.e.tomcat.TomcatWebServer - Tomcat initialized with port 8071 (http)
2026-08-20 12:21:10 [] [] [] [main] INFO  o.a.catalina.core.StandardService - Starting service [Tomcat]
2026-08-20 12:21:10 [] [] [] [main] INFO  o.a.catalina.core.StandardEngine - Starting Servlet engine: [Apache Tomcat/10.1.44]
2026-08-20 12:21:11 [] [] [] [main] INFO  o.a.c.c.C.[Tomcat].[localhost].[/] - Initializing Spring embedded WebApplicationContext
2026-08-20 12:21:11 [] [] [] [main] INFO  o.s.b.w.s.c.ServletWebServerApplicationContext - Root WebApplicationContext: initialization completed in 3170 ms
2026-08-20 12:21:11 [] [] [] [main] INFO  o.h.jpa.internal.util.LogHelper - HHH000204: Processing PersistenceUnitInfo [name: default]
2026-08-20 12:21:11 [] [] [] [main] INFO  org.hibernate.Version - HHH000412: Hibernate ORM core version 6.6.26.Final
2026-08-20 12:21:11 [] [] [] [main] INFO  o.h.c.i.RegionFactoryInitiator - HHH000026: Second-level cache disabled
2026-08-20 12:21:11 [] [] [] [main] INFO  o.s.o.j.p.SpringPersistenceUnitInfo - No LoadTimeWeaver setup: ignoring JPA class transformer
2026-08-20 12:21:11 [] [] [] [main] INFO  com.zaxxer.hikari.HikariDataSource - HikariPool-1 - Starting...
2026-08-20 12:21:12 [] [] [] [main] INFO  com.zaxxer.hikari.pool.HikariPool - HikariPool-1 - Added connection com.mysql.cj.jdbc.ConnectionImpl@411933
2026-08-20 12:21:12 [] [] [] [main] INFO  com.zaxxer.hikari.HikariDataSource - HikariPool-1 - Start completed.
2026-08-20 12:21:12 [] [] [] [main] WARN  org.hibernate.orm.deprecation - HHH90000025: MySQL8Dialect does not need to be specified explicitly using 'hibernate.dialect' (remove the property setting and it will be selected by default)
2026-08-20 12:21:12 [] [] [] [main] WARN  org.hibernate.orm.deprecation - HHH90000026: MySQL8Dialect has been deprecated; use org.hibernate.dialect.MySQLDialect instead
2026-08-20 12:21:12 [] [] [] [main] INFO  o.hibernate.orm.connections.pooling - HHH10001005: Database info:
	Database JDBC URL [undefined/unknown]
	Database driver: undefined/unknown
	Database version: 8.0
	Autocommit mode: undefined/unknown
	Isolation level: undefined/unknown
	Minimum pool size: undefined/unknown
	Maximum pool size: undefined/unknown
2026-08-20 12:21:14 [] [] [] [main] INFO  o.h.e.t.j.p.i.JtaPlatformInitiator - HHH000489: No JTA platform available (set 'hibernate.transaction.jta.platform' to enable JTA platform integration)
2026-08-20 12:21:14 [] [] [] [main] INFO  o.s.o.j.LocalContainerEntityManagerFactoryBean - Initialized JPA EntityManagerFactory for persistence unit 'default'
2026-08-20 12:21:15 [] [] [] [main] INFO  o.s.d.j.r.query.QueryEnhancerFactory - Hibernate is in classpath; If applicable, HQL parser will be used.
2026-08-20 12:21:18 [] [] [] [main] WARN  o.s.b.a.o.j.JpaBaseConfiguration$JpaWebConfiguration - spring.jpa.open-in-view is enabled by default. Therefore, database queries may be performed during view rendering. Explicitly configure spring.jpa.open-in-view to disable this warning
2026-08-20 12:21:20 [] [] [] [main] INFO  o.s.c.n.e.c.DiscoveryClientOptionalArgsConfiguration - Eureka HTTP Client uses RestTemplate.
2026-08-20 12:21:20 [] [] [] [main] WARN  o.s.c.l.c.LoadBalancerCacheAutoConfiguration$LoadBalancerCaffeineWarnLogger - Spring Cloud LoadBalancer is currently working with the default cache. While this cache implementation is useful for development and tests, it's recommended to use Caffeine cache in production.You can switch to using Caffeine cache, by adding it and org.springframework.cache.caffeine.CaffeineCacheManager to the classpath.
2026-08-20 12:21:20 [] [] [] [main] INFO  o.s.b.a.e.web.EndpointLinksResolver - Exposing 3 endpoints beneath base path '/actuator'
2026-08-20 12:21:20 [] [] [] [main] INFO  o.s.c.n.eureka.InstanceInfoFactory - Setting initial instance status as: STARTING
2026-08-20 12:21:20 [] [] [] [main] INFO  c.netflix.discovery.DiscoveryClient - Initializing Eureka in region us-east-1
2026-08-20 12:21:20 [] [] [] [main] INFO  c.netflix.discovery.DiscoveryClient - Client configured to neither register nor query for data.
2026-08-20 12:21:20 [] [] [] [main] INFO  c.netflix.discovery.DiscoveryClient - Discovery Client initialized at timestamp 1787208680227 with initial instances count: 0
2026-08-20 12:21:20 [] [] [] [main] INFO  o.s.c.n.e.s.EurekaServiceRegistry - Registering application TRANSPORTSERVICE with eureka with status UP
2026-08-20 12:21:20 [] [] [] [main] INFO  o.s.b.w.e.tomcat.TomcatWebServer - Tomcat started on port 8071 (http) with context path '/'
2026-08-20 12:21:20 [] [] [] [main] INFO  o.s.c.n.e.s.EurekaAutoServiceRegistration - Updating port to 8071
2026-08-20 12:21:20 [] [] [] [main] INFO  c.s.t.TransportServiceApplication - Started TransportServiceApplication in 13.47 seconds (process running for 15.585)
2026-08-20 12:24:57 [] [] [] [http-nio-8071-exec-2] INFO  o.a.c.c.C.[Tomcat].[localhost].[/] - Initializing Spring DispatcherServlet 'dispatcherServlet'
2026-08-20 12:24:57 [] [] [] [http-nio-8071-exec-2] INFO  o.s.web.servlet.DispatcherServlet - Initializing Servlet 'dispatcherServlet'
2026-08-20 12:24:57 [] [] [] [http-nio-8071-exec-2] INFO  o.s.web.servlet.DispatcherServlet - Completed initialization in 277 ms
2026-08-20 12:24:59 [] [] [] [http-nio-8071-exec-2] INFO  c.s.transport.config.TenantFilter - 🔍 Decoded JWT Claims: {name=NUCLEUS (ANILYAGIK), userType=COADMIN, userId=3484, email=nucleus1@siper.ac.in, sub=nucleus1@siper.ac.in, iat=1786623732, exp=1786624632}
2026-08-20 12:24:59 [] [] [] [http-nio-8071-exec-2] WARN  c.s.transport.config.TenantFilter - ⚠️ No 'schema' or 'tenant' claim found in JWT payload
2026-08-20 12:24:59 [] [] [] [http-nio-8071-exec-2] WARN  c.s.transport.config.TenantFilter - ⚠️ No schema resolved from JWT or X-Schema header; using default tenant
2026-08-20 12:24:59 [6B8DE483] [e7c82f02-31fe-40ae-939c-70c8fc1c35af] [GET /api/v1/transport-module/fee-reports/getTransportFeeReport] [http-nio-8071-exec-2] INFO  c.s.t.interceptor.LoggingInterceptor - Incoming request: GET /api/v1/transport-module/fee-reports/getTransportFeeReport | logId: 6B8DE483 | requestId: e7c82f02-31fe-40ae-939c-70c8fc1c35af
2026-08-20 12:25:02 [6B8DE483] [e7c82f02-31fe-40ae-939c-70c8fc1c35af] [GET /api/v1/transport-module/fee-reports/getTransportFeeReport] [http-nio-8071-exec-2] INFO  c.s.t.interceptor.LoggingInterceptor - Request completed: GET /api/v1/transport-module/fee-reports/getTransportFeeReport | Status: 200 | logId: 6B8DE483 | requestId: e7c82f02-31fe-40ae-939c-70c8fc1c35af
2026-08-20 12:28:26 [] [] [] [SpringApplicationShutdownHook] INFO  o.s.c.n.e.s.EurekaServiceRegistry - Unregistering application TRANSPORTSERVICE with eureka with status DOWN
2026-08-20 12:28:26 [] [] [] [SpringApplicationShutdownHook] INFO  o.s.b.w.e.tomcat.GracefulShutdown - Commencing graceful shutdown. Waiting for active requests to complete
2026-08-20 12:28:26 [] [] [] [tomcat-shutdown] INFO  o.s.b.w.e.tomcat.GracefulShutdown - Graceful shutdown complete
2026-08-20 12:28:26 [] [] [] [SpringApplicationShutdownHook] INFO  o.s.o.j.LocalContainerEntityManagerFactoryBean - Closing JPA EntityManagerFactory for persistence unit 'default'
2026-08-20 12:28:26 [] [] [] [SpringApplicationShutdownHook] INFO  com.zaxxer.hikari.HikariDataSource - HikariPool-1 - Shutdown initiated...
2026-08-20 12:28:26 [] [] [] [SpringApplicationShutdownHook] INFO  com.zaxxer.hikari.HikariDataSource - HikariPool-1 - Shutdown completed.
2026-08-20 12:28:26 [] [] [] [SpringApplicationShutdownHook] INFO  c.netflix.discovery.DiscoveryClient - Shutting down DiscoveryClient ...
2026-08-20 12:28:26 [] [] [] [SpringApplicationShutdownHook] INFO  c.netflix.discovery.DiscoveryClient - Completed shut down of DiscoveryClient
2026-08-20 12:28:37 [] [] [] [main] INFO  c.s.t.TransportServiceApplication - Starting TransportServiceApplication using Java 17.0.16 with PID 26968 (D:\RMSC Code\Transport-Service\target\classes started by conte in D:\SERp\git code staff\Academic-Module)
2026-08-20 12:28:37 [] [] [] [main] INFO  c.s.t.TransportServiceApplication - No active profile set, falling back to 1 default profile: "default"
2026-08-20 12:28:39 [] [] [] [main] INFO  o.s.d.r.c.RepositoryConfigurationDelegate - Bootstrapping Spring Data JPA repositories in DEFAULT mode.
2026-08-20 12:28:39 [] [] [] [main] INFO  o.s.d.r.c.RepositoryConfigurationDelegate - Finished Spring Data repository scanning in 282 ms. Found 19 JPA repository interfaces.
2026-08-20 12:28:40 [] [] [] [main] INFO  o.s.cloud.context.scope.GenericScope - BeanFactory id=18cf57fc-78bb-3ee5-9577-9a6a9b004e35
2026-08-20 12:28:40 [] [] [] [main] INFO  o.s.b.w.e.tomcat.TomcatWebServer - Tomcat initialized with port 8071 (http)
2026-08-20 12:28:41 [] [] [] [main] INFO  o.a.catalina.core.StandardService - Starting service [Tomcat]
2026-08-20 12:28:41 [] [] [] [main] INFO  o.a.catalina.core.StandardEngine - Starting Servlet engine: [Apache Tomcat/10.1.44]
2026-08-20 12:28:41 [] [] [] [main] INFO  o.a.c.c.C.[Tomcat].[localhost].[/] - Initializing Spring embedded WebApplicationContext
2026-08-20 12:28:41 [] [] [] [main] INFO  o.s.b.w.s.c.ServletWebServerApplicationContext - Root WebApplicationContext: initialization completed in 3806 ms
2026-08-20 12:28:41 [] [] [] [main] INFO  o.h.jpa.internal.util.LogHelper - HHH000204: Processing PersistenceUnitInfo [name: default]
2026-08-20 12:28:41 [] [] [] [main] INFO  org.hibernate.Version - HHH000412: Hibernate ORM core version 6.6.26.Final
2026-08-20 12:28:41 [] [] [] [main] INFO  o.h.c.i.RegionFactoryInitiator - HHH000026: Second-level cache disabled
2026-08-20 12:28:42 [] [] [] [main] INFO  o.s.o.j.p.SpringPersistenceUnitInfo - No LoadTimeWeaver setup: ignoring JPA class transformer
2026-08-20 12:28:42 [] [] [] [main] INFO  com.zaxxer.hikari.HikariDataSource - HikariPool-1 - Starting...
2026-08-20 12:28:43 [] [] [] [main] WARN  o.h.e.jdbc.spi.SqlExceptionHelper - SQL Error: 1049, SQLState: 42000
2026-08-20 12:28:43 [] [] [] [main] ERROR o.h.e.jdbc.spi.SqlExceptionHelper - Unknown database 'schoolerp2'
2026-08-20 12:28:43 [] [] [] [main] WARN  o.h.e.j.e.i.JdbcEnvironmentInitiator - HHH000342: Could not obtain connection to query metadata
org.hibernate.exception.SQLGrammarException: unable to obtain isolated JDBC connection [Unknown database 'schoolerp2'] [n/a]
	at org.hibernate.exception.internal.SQLStateConversionDelegate.convert(SQLStateConversionDelegate.java:91)
	at org.hibernate.exception.internal.StandardSQLExceptionConverter.convert(StandardSQLExceptionConverter.java:58)
	at org.hibernate.engine.jdbc.spi.SqlExceptionHelper.convert(SqlExceptionHelper.java:108)
	at org.hibernate.engine.jdbc.spi.SqlExceptionHelper.convert(SqlExceptionHelper.java:94)
	at org.hibernate.resource.transaction.backend.jdbc.internal.JdbcIsolationDelegate.delegateWork(JdbcIsolationDelegate.java:116)
	at org.hibernate.engine.jdbc.env.internal.JdbcEnvironmentInitiator.getJdbcEnvironmentUsingJdbcMetadata(JdbcEnvironmentInitiator.java:334)
	at org.hibernate.engine.jdbc.env.internal.JdbcEnvironmentInitiator.initiateService(JdbcEnvironmentInitiator.java:129)
	at org.hibernate.engine.jdbc.env.internal.JdbcEnvironmentInitiator.initiateService(JdbcEnvironmentInitiator.java:81)
	at org.hibernate.boot.registry.internal.StandardServiceRegistryImpl.initiateService(StandardServiceRegistryImpl.java:130)
	at org.hibernate.service.internal.AbstractServiceRegistryImpl.createService(AbstractServiceRegistryImpl.java:263)
	at org.hibernate.service.internal.AbstractServiceRegistryImpl.initializeService(AbstractServiceRegistryImpl.java:238)
	at org.hibernate.service.internal.AbstractServiceRegistryImpl.getService(AbstractServiceRegistryImpl.java:215)
	at org.hibernate.boot.model.relational.Database.<init>(Database.java:45)
	at org.hibernate.boot.internal.InFlightMetadataCollectorImpl.getDatabase(InFlightMetadataCollectorImpl.java:226)
	at org.hibernate.boot.internal.InFlightMetadataCollectorImpl.<init>(InFlightMetadataCollectorImpl.java:194)
	at org.hibernate.boot.model.process.spi.MetadataBuildingProcess.complete(MetadataBuildingProcess.java:171)
	at org.hibernate.jpa.boot.internal.EntityManagerFactoryBuilderImpl.metadata(EntityManagerFactoryBuilderImpl.java:1442)
	at org.hibernate.jpa.boot.internal.EntityManagerFactoryBuilderImpl.build(EntityManagerFactoryBuilderImpl.java:1513)
	at org.springframework.orm.jpa.vendor.SpringHibernateJpaPersistenceProvider.createContainerEntityManagerFactory(SpringHibernateJpaPersistenceProvider.java:66)
	at org.springframework.orm.jpa.LocalContainerEntityManagerFactoryBean.createNativeEntityManagerFactory(LocalContainerEntityManagerFactoryBean.java:390)
	at org.springframework.orm.jpa.AbstractEntityManagerFactoryBean.buildNativeEntityManagerFactory(AbstractEntityManagerFactoryBean.java:419)
	at org.springframework.orm.jpa.AbstractEntityManagerFactoryBean.afterPropertiesSet(AbstractEntityManagerFactoryBean.java:400)
	at org.springframework.orm.jpa.LocalContainerEntityManagerFactoryBean.afterPropertiesSet(LocalContainerEntityManagerFactoryBean.java:366)
	at org.springframework.beans.factory.support.AbstractAutowireCapableBeanFactory.invokeInitMethods(AbstractAutowireCapableBeanFactory.java:1873)
	at org.springframework.beans.factory.support.AbstractAutowireCapableBeanFactory.initializeBean(AbstractAutowireCapableBeanFactory.java:1822)
	at org.springframework.beans.factory.support.AbstractAutowireCapableBeanFactory.doCreateBean(AbstractAutowireCapableBeanFactory.java:607)
	at org.springframework.beans.factory.support.AbstractAutowireCapableBeanFactory.createBean(AbstractAutowireCapableBeanFactory.java:529)
	at org.springframework.beans.factory.support.AbstractBeanFactory.lambda$doGetBean$0(AbstractBeanFactory.java:339)
	at org.springframework.beans.factory.support.DefaultSingletonBeanRegistry.getSingleton(DefaultSingletonBeanRegistry.java:373)
	at org.springframework.beans.factory.support.AbstractBeanFactory.doGetBean(AbstractBeanFactory.java:337)
	at org.springframework.beans.factory.support.AbstractBeanFactory.getBean(AbstractBeanFactory.java:202)
	at org.springframework.beans.factory.support.BeanDefinitionValueResolver.resolveReference(BeanDefinitionValueResolver.java:365)
	at org.springframework.beans.factory.support.BeanDefinitionValueResolver.resolveValueIfNecessary(BeanDefinitionValueResolver.java:135)
	at org.springframework.beans.factory.support.ConstructorResolver.resolveConstructorArguments(ConstructorResolver.java:691)
	at org.springframework.beans.factory.support.ConstructorResolver.instantiateUsingFactoryMethod(ConstructorResolver.java:513)
	at org.springframework.beans.factory.support.AbstractAutowireCapableBeanFactory.instantiateUsingFactoryMethod(AbstractAutowireCapableBeanFactory.java:1375)
	at org.springframework.beans.factory.support.AbstractAutowireCapableBeanFactory.createBeanInstance(AbstractAutowireCapableBeanFactory.java:1205)
	at org.springframework.beans.factory.support.AbstractAutowireCapableBeanFactory.doCreateBean(AbstractAutowireCapableBeanFactory.java:569)
	at org.springframework.beans.factory.support.AbstractAutowireCapableBeanFactory.createBean(AbstractAutowireCapableBeanFactory.java:529)
	at org.springframework.beans.factory.support.AbstractBeanFactory.lambda$doGetBean$0(AbstractBeanFactory.java:339)
	at org.springframework.beans.factory.support.DefaultSingletonBeanRegistry.getSingleton(DefaultSingletonBeanRegistry.java:373)
	at org.springframework.beans.factory.support.AbstractBeanFactory.doGetBean(AbstractBeanFactory.java:337)
	at org.springframework.beans.factory.support.AbstractBeanFactory.getBean(AbstractBeanFactory.java:202)
	at org.springframework.beans.factory.support.BeanDefinitionValueResolver.resolveReference(BeanDefinitionValueResolver.java:365)
	at org.springframework.beans.factory.support.BeanDefinitionValueResolver.resolveValueIfNecessary(BeanDefinitionValueResolver.java:135)
	at org.springframework.beans.factory.support.AbstractAutowireCapableBeanFactory.applyPropertyValues(AbstractAutowireCapableBeanFactory.java:1725)
	at org.springframework.beans.factory.support.AbstractAutowireCapableBeanFactory.populateBean(AbstractAutowireCapableBeanFactory.java:1474)
	at org.springframework.beans.factory.support.AbstractAutowireCapableBeanFactory.doCreateBean(AbstractAutowireCapableBeanFactory.java:606)
	at org.springframework.beans.factory.support.AbstractAutowireCapableBeanFactory.createBean(AbstractAutowireCapableBeanFactory.java:529)
	at org.springframework.beans.factory.support.AbstractBeanFactory.lambda$doGetBean$0(AbstractBeanFactory.java:339)
	at org.springframework.beans.factory.support.DefaultSingletonBeanRegistry.getSingleton(DefaultSingletonBeanRegistry.java:373)
	at org.springframework.beans.factory.support.AbstractBeanFactory.doGetBean(AbstractBeanFactory.java:337)
	at org.springframework.beans.factory.support.AbstractBeanFactory.getBean(AbstractBeanFactory.java:202)
	at org.springframework.beans.factory.support.DefaultListableBeanFactory.doResolveDependency(DefaultListableBeanFactory.java:1690)
	at org.springframework.beans.factory.support.DefaultListableBeanFactory.resolveDependency(DefaultListableBeanFactory.java:1635)
	at org.springframework.beans.factory.support.ConstructorResolver.resolveAutowiredArgument(ConstructorResolver.java:913)
	at org.springframework.beans.factory.support.ConstructorResolver.createArgumentArray(ConstructorResolver.java:791)
	at org.springframework.beans.factory.support.ConstructorResolver.autowireConstructor(ConstructorResolver.java:240)
	at org.springframework.beans.factory.support.AbstractAutowireCapableBeanFactory.autowireConstructor(AbstractAutowireCapableBeanFactory.java:1395)
	at org.springframework.beans.factory.support.AbstractAutowireCapableBeanFactory.createBeanInstance(AbstractAutowireCapableBeanFactory.java:1232)
	at org.springframework.beans.factory.support.AbstractAutowireCapableBeanFactory.doCreateBean(AbstractAutowireCapableBeanFactory.java:569)
	at org.springframework.beans.factory.support.AbstractAutowireCapableBeanFactory.createBean(AbstractAutowireCapableBeanFactory.java:529)
	at org.springframework.beans.factory.support.AbstractBeanFactory.lambda$doGetBean$0(AbstractBeanFactory.java:339)
	at org.springframework.beans.factory.support.DefaultSingletonBeanRegistry.getSingleton(DefaultSingletonBeanRegistry.java:373)
	at org.springframework.beans.factory.support.AbstractBeanFactory.doGetBean(AbstractBeanFactory.java:337)
	at org.springframework.beans.factory.support.AbstractBeanFactory.getBean(AbstractBeanFactory.java:202)
	at org.springframework.beans.factory.support.DefaultListableBeanFactory.doResolveDependency(DefaultListableBeanFactory.java:1690)
	at org.springframework.beans.factory.support.DefaultListableBeanFactory.resolveDependency(DefaultListableBeanFactory.java:1635)
	at org.springframework.beans.factory.support.ConstructorResolver.resolveAutowiredArgument(ConstructorResolver.java:913)
	at org.springframework.beans.factory.support.ConstructorResolver.createArgumentArray(ConstructorResolver.java:791)
	at org.springframework.beans.factory.support.ConstructorResolver.instantiateUsingFactoryMethod(ConstructorResolver.java:546)
	at org.springframework.beans.factory.support.AbstractAutowireCapableBeanFactory.instantiateUsingFactoryMethod(AbstractAutowireCapableBeanFactory.java:1375)
	at org.springframework.beans.factory.support.AbstractAutowireCapableBeanFactory.createBeanInstance(AbstractAutowireCapableBeanFactory.java:1205)
	at org.springframework.beans.factory.support.AbstractAutowireCapableBeanFactory.doCreateBean(AbstractAutowireCapableBeanFactory.java:569)
	at org.springframework.beans.factory.support.AbstractAutowireCapableBeanFactory.createBean(AbstractAutowireCapableBeanFactory.java:529)
	at org.springframework.beans.factory.support.AbstractBeanFactory.lambda$doGetBean$0(AbstractBeanFactory.java:339)
	at org.springframework.beans.factory.support.DefaultSingletonBeanRegistry.getSingleton(DefaultSingletonBeanRegistry.java:373)
	at org.springframework.beans.factory.support.AbstractBeanFactory.doGetBean(AbstractBeanFactory.java:337)
	at org.springframework.beans.factory.support.AbstractBeanFactory.getBean(AbstractBeanFactory.java:207)
	at org.springframework.boot.web.servlet.ServletContextInitializerBeans.getOrderedBeansOfType(ServletContextInitializerBeans.java:230)
	at org.springframework.boot.web.servlet.ServletContextInitializerBeans.getOrderedBeansOfType(ServletContextInitializerBeans.java:221)
	at org.springframework.boot.web.servlet.ServletContextInitializerBeans.addServletContextInitializerBeans(ServletContextInitializerBeans.java:106)
	at org.springframework.boot.web.servlet.ServletContextInitializerBeans.<init>(ServletContextInitializerBeans.java:95)
	at org.springframework.boot.web.servlet.context.ServletWebServerApplicationContext.getServletContextInitializerBeans(ServletWebServerApplicationContext.java:271)
	at org.springframework.boot.web.servlet.context.ServletWebServerApplicationContext.selfInitialize(ServletWebServerApplicationContext.java:245)
	at org.springframework.boot.web.embedded.tomcat.TomcatStarter.onStartup(TomcatStarter.java:52)
	at org.apache.catalina.core.StandardContext.startInternal(StandardContext.java:4464)
	at org.apache.catalina.util.LifecycleBase.start(LifecycleBase.java:164)
	at org.apache.catalina.core.ContainerBase$StartChild.call(ContainerBase.java:1203)
	at org.apache.catalina.core.ContainerBase$StartChild.call(ContainerBase.java:1193)
	at java.base/java.util.concurrent.FutureTask.run$$$capture(FutureTask.java:264)
	at java.base/java.util.concurrent.FutureTask.run(FutureTask.java)
	at org.apache.tomcat.util.threads.InlineExecutorService.execute(InlineExecutorService.java:75)
	at java.base/java.util.concurrent.AbstractExecutorService.submit(AbstractExecutorService.java:145)
	at org.apache.catalina.core.ContainerBase.startInternal(ContainerBase.java:749)
	at org.apache.catalina.core.StandardHost.startInternal(StandardHost.java:772)
	at org.apache.catalina.util.LifecycleBase.start(LifecycleBase.java:164)
	at org.apache.catalina.core.ContainerBase$StartChild.call(ContainerBase.java:1203)
	at org.apache.catalina.core.ContainerBase$StartChild.call(ContainerBase.java:1193)
	at java.base/java.util.concurrent.FutureTask.run$$$capture(FutureTask.java:264)
	at java.base/java.util.concurrent.FutureTask.run(FutureTask.java)
	at org.apache.tomcat.util.threads.InlineExecutorService.execute(InlineExecutorService.java:75)
	at java.base/java.util.concurrent.AbstractExecutorService.submit(AbstractExecutorService.java:145)
	at org.apache.catalina.core.ContainerBase.startInternal(ContainerBase.java:749)
	at org.apache.catalina.core.StandardEngine.startInternal(StandardEngine.java:203)
	at org.apache.catalina.util.LifecycleBase.start(LifecycleBase.java:164)
	at org.apache.catalina.core.StandardService.startInternal(StandardService.java:412)
	at org.apache.catalina.util.LifecycleBase.start(LifecycleBase.java:164)
	at org.apache.catalina.core.StandardServer.startInternal(StandardServer.java:870)
	at org.apache.catalina.util.LifecycleBase.start(LifecycleBase.java:164)
	at org.apache.catalina.startup.Tomcat.start(Tomcat.java:438)
	at org.springframework.boot.web.embedded.tomcat.TomcatWebServer.initialize(TomcatWebServer.java:128)
	at org.springframework.boot.web.embedded.tomcat.TomcatWebServer.<init>(TomcatWebServer.java:107)
	at org.springframework.boot.web.embedded.tomcat.TomcatServletWebServerFactory.getTomcatWebServer(TomcatServletWebServerFactory.java:517)
	at org.springframework.boot.web.embedded.tomcat.TomcatServletWebServerFactory.getWebServer(TomcatServletWebServerFactory.java:219)
	at org.springframework.boot.web.servlet.context.ServletWebServerApplicationContext.createWebServer(ServletWebServerApplicationContext.java:193)
	at org.springframework.boot.web.servlet.context.ServletWebServerApplicationContext.onRefresh(ServletWebServerApplicationContext.java:167)
	at org.springframework.context.support.AbstractApplicationContext.refresh(AbstractApplicationContext.java:621)
	at org.springframework.boot.web.servlet.context.ServletWebServerApplicationContext.refresh(ServletWebServerApplicationContext.java:146)
	at org.springframework.boot.SpringApplication.refresh(SpringApplication.java:752)
	at org.springframework.boot.SpringApplication.refreshContext(SpringApplication.java:439)
	at org.springframework.boot.SpringApplication.run(SpringApplication.java:318)
	at org.springframework.boot.SpringApplication.run(SpringApplication.java:1361)
	at org.springframework.boot.SpringApplication.run(SpringApplication.java:1350)
	at com.schoolerp.transport.TransportServiceApplication.main(TransportServiceApplication.java:11)
Caused by: java.sql.SQLSyntaxErrorException: Unknown database 'schoolerp2'
	at com.mysql.cj.jdbc.exceptions.SQLError.createSQLException(SQLError.java:112)
	at com.mysql.cj.jdbc.exceptions.SQLExceptionsMapping.translateException(SQLExceptionsMapping.java:114)
	at com.mysql.cj.jdbc.ConnectionImpl.createNewIO(ConnectionImpl.java:839)
	at com.mysql.cj.jdbc.ConnectionImpl.<init>(ConnectionImpl.java:415)
	at com.mysql.cj.jdbc.ConnectionImpl.getInstance(ConnectionImpl.java:237)
	at com.mysql.cj.jdbc.NonRegisteringDriver.connect(NonRegisteringDriver.java:180)
	at com.zaxxer.hikari.util.DriverDataSource.getConnection(DriverDataSource.java:144)
	at com.zaxxer.hikari.pool.PoolBase.newConnection(PoolBase.java:370)
	at com.zaxxer.hikari.pool.PoolBase.newPoolEntry(PoolBase.java:207)
	at com.zaxxer.hikari.pool.HikariPool.createPoolEntry(HikariPool.java:488)
	at com.zaxxer.hikari.pool.HikariPool.checkFailFast(HikariPool.java:576)
	at com.zaxxer.hikari.pool.HikariPool.<init>(HikariPool.java:97)
	at com.zaxxer.hikari.HikariDataSource.getConnection(HikariDataSource.java:111)
	at com.schoolerp.transport.config.SchemaBasedMultiTenantConnectionProvider.getAnyConnection(SchemaBasedMultiTenantConnectionProvider.java:21)
	at org.hibernate.engine.jdbc.env.internal.JdbcEnvironmentInitiator$MultiTenantConnectionProviderJdbcConnectionAccess.obtainConnection(JdbcEnvironmentInitiator.java:512)
	at org.hibernate.resource.transaction.backend.jdbc.internal.JdbcIsolationDelegate.delegateWork(JdbcIsolationDelegate.java:61)
	... 120 common frames omitted
2026-08-20 12:28:43 [] [] [] [main] WARN  org.hibernate.orm.deprecation - HHH90000025: MySQL8Dialect does not need to be specified explicitly using 'hibernate.dialect' (remove the property setting and it will be selected by default)
2026-08-20 12:28:43 [] [] [] [main] WARN  org.hibernate.orm.deprecation - HHH90000026: MySQL8Dialect has been deprecated; use org.hibernate.dialect.MySQLDialect instead
2026-08-20 12:28:43 [] [] [] [main] INFO  o.hibernate.orm.connections.pooling - HHH10001005: Database info:
	Database JDBC URL [undefined/unknown]
	Database driver: undefined/unknown
	Database version: 8.0
	Autocommit mode: undefined/unknown
	Isolation level: undefined/unknown
	Minimum pool size: undefined/unknown
	Maximum pool size: undefined/unknown
2026-08-20 12:28:45 [] [] [] [main] INFO  o.h.e.t.j.p.i.JtaPlatformInitiator - HHH000489: No JTA platform available (set 'hibernate.transaction.jta.platform' to enable JTA platform integration)
2026-08-20 12:28:45 [] [] [] [main] INFO  com.zaxxer.hikari.HikariDataSource - HikariPool-1 - Starting...
2026-08-20 12:28:46 [] [] [] [main] WARN  o.h.e.jdbc.spi.SqlExceptionHelper - SQL Error: 1049, SQLState: 42000
2026-08-20 12:28:46 [] [] [] [main] ERROR o.h.e.jdbc.spi.SqlExceptionHelper - Unknown database 'schoolerp2'
2026-08-20 12:28:46 [] [] [] [main] ERROR o.s.o.j.LocalContainerEntityManagerFactoryBean - Failed to initialize JPA EntityManagerFactory: [PersistenceUnit: default] Unable to build Hibernate SessionFactory; nested exception is org.hibernate.exception.SQLGrammarException: Unable to open JDBC Connection for DDL execution [Unknown database 'schoolerp2'] [n/a]
2026-08-20 12:28:46 [] [] [] [main] ERROR o.s.b.w.e.tomcat.TomcatStarter - Error starting Tomcat context. Exception: org.springframework.beans.factory.UnsatisfiedDependencyException. Message: Error creating bean with name 'jwtFilter' defined in class path resource [com/schoolerp/transport/config/FilterConfig.class]: Unsatisfied dependency expressed through method 'jwtFilter' parameter 0: Error creating bean with name 'jwtExtractionFilter' defined in file [D:\RMSC Code\Transport-Service\target\classes\com\schoolerp\transport\config\JwtExtractionFilter.class]: Unsatisfied dependency expressed through constructor parameter 0: Error creating bean with name 'userRepository' defined in com.schoolerp.transport.repository.UserRepository defined in @EnableJpaRepositories declared on JpaRepositoriesRegistrar.EnableJpaRepositoriesConfiguration: Cannot resolve reference to bean 'jpaSharedEM_entityManagerFactory' while setting bean property 'entityManager'
2026-08-20 12:28:46 [] [] [] [main] INFO  o.a.catalina.core.StandardService - Stopping service [Tomcat]
2026-08-20 12:28:46 [] [] [] [main] WARN  o.s.b.w.s.c.AnnotationConfigServletWebServerApplicationContext - Exception encountered during context initialization - cancelling refresh attempt: org.springframework.context.ApplicationContextException: Unable to start web server
2026-08-20 12:28:46 [] [] [] [main] INFO  o.s.b.a.l.ConditionEvaluationReportLogger - 

Error starting ApplicationContext. To display the condition evaluation report re-run your application with 'debug' enabled.
2026-08-20 12:28:46 [] [] [] [main] ERROR o.s.boot.SpringApplication - Application run failed
org.springframework.context.ApplicationContextException: Unable to start web server
	at org.springframework.boot.web.servlet.context.ServletWebServerApplicationContext.onRefresh(ServletWebServerApplicationContext.java:170)
	at org.springframework.context.support.AbstractApplicationContext.refresh(AbstractApplicationContext.java:621)
	at org.springframework.boot.web.servlet.context.ServletWebServerApplicationContext.refresh(ServletWebServerApplicationContext.java:146)
	at org.springframework.boot.SpringApplication.refresh(SpringApplication.java:752)
	at org.springframework.boot.SpringApplication.refreshContext(SpringApplication.java:439)
	at org.springframework.boot.SpringApplication.run(SpringApplication.java:318)
	at org.springframework.boot.SpringApplication.run(SpringApplication.java:1361)
	at org.springframework.boot.SpringApplication.run(SpringApplication.java:1350)
	at com.schoolerp.transport.TransportServiceApplication.main(TransportServiceApplication.java:11)
Caused by: org.springframework.boot.web.server.WebServerException: Unable to start embedded Tomcat
	at org.springframework.boot.web.embedded.tomcat.TomcatWebServer.initialize(TomcatWebServer.java:147)
	at org.springframework.boot.web.embedded.tomcat.TomcatWebServer.<init>(TomcatWebServer.java:107)
	at org.springframework.boot.web.embedded.tomcat.TomcatServletWebServerFactory.getTomcatWebServer(TomcatServletWebServerFactory.java:517)
	at org.springframework.boot.web.embedded.tomcat.TomcatServletWebServerFactory.getWebServer(TomcatServletWebServerFactory.java:219)
	at org.springframework.boot.web.servlet.context.ServletWebServerApplicationContext.createWebServer(ServletWebServerApplicationContext.java:193)
	at org.springframework.boot.web.servlet.context.ServletWebServerApplicationContext.onRefresh(ServletWebServerApplicationContext.java:167)
	... 8 common frames omitted
Caused by: org.springframework.beans.factory.UnsatisfiedDependencyException: Error creating bean with name 'jwtFilter' defined in class path resource [com/schoolerp/transport/config/FilterConfig.class]: Unsatisfied dependency expressed through method 'jwtFilter' parameter 0: Error creating bean with name 'jwtExtractionFilter' defined in file [D:\RMSC Code\Transport-Service\target\classes\com\schoolerp\transport\config\JwtExtractionFilter.class]: Unsatisfied dependency expressed through constructor parameter 0: Error creating bean with name 'userRepository' defined in com.schoolerp.transport.repository.UserRepository defined in @EnableJpaRepositories declared on JpaRepositoriesRegistrar.EnableJpaRepositoriesConfiguration: Cannot resolve reference to bean 'jpaSharedEM_entityManagerFactory' while setting bean property 'entityManager'
	at org.springframework.beans.factory.support.ConstructorResolver.createArgumentArray(ConstructorResolver.java:804)
	at org.springframework.beans.factory.support.ConstructorResolver.instantiateUsingFactoryMethod(ConstructorResolver.java:546)
	at org.springframework.beans.factory.support.AbstractAutowireCapableBeanFactory.instantiateUsingFactoryMethod(AbstractAutowireCapableBeanFactory.java:1375)
	at org.springframework.beans.factory.support.AbstractAutowireCapableBeanFactory.createBeanInstance(AbstractAutowireCapableBeanFactory.java:1205)
	at org.springframework.beans.factory.support.AbstractAutowireCapableBeanFactory.doCreateBean(AbstractAutowireCapableBeanFactory.java:569)
	at org.springframework.beans.factory.support.AbstractAutowireCapableBeanFactory.createBean(AbstractAutowireCapableBeanFactory.java:529)
	at org.springframework.beans.factory.support.AbstractBeanFactory.lambda$doGetBean$0(AbstractBeanFactory.java:339)
	at org.springframework.beans.factory.support.DefaultSingletonBeanRegistry.getSingleton(DefaultSingletonBeanRegistry.java:373)
	at org.springframework.beans.factory.support.AbstractBeanFactory.doGetBean(AbstractBeanFactory.java:337)
	at org.springframework.beans.factory.support.AbstractBeanFactory.getBean(AbstractBeanFactory.java:207)
	at org.springframework.boot.web.servlet.ServletContextInitializerBeans.getOrderedBeansOfType(ServletContextInitializerBeans.java:230)
	at org.springframework.boot.web.servlet.ServletContextInitializerBeans.getOrderedBeansOfType(ServletContextInitializerBeans.java:221)
	at org.springframework.boot.web.servlet.ServletContextInitializerBeans.addServletContextInitializerBeans(ServletContextInitializerBeans.java:106)
	at org.springframework.boot.web.servlet.ServletContextInitializerBeans.<init>(ServletContextInitializerBeans.java:95)
	at org.springframework.boot.web.servlet.context.ServletWebServerApplicationContext.getServletContextInitializerBeans(ServletWebServerApplicationContext.java:271)
	at org.springframework.boot.web.servlet.context.ServletWebServerApplicationContext.selfInitialize(ServletWebServerApplicationContext.java:245)
	at org.springframework.boot.web.embedded.tomcat.TomcatStarter.onStartup(TomcatStarter.java:52)
	at org.apache.catalina.core.StandardContext.startInternal(StandardContext.java:4464)
	at org.apache.catalina.util.LifecycleBase.start(LifecycleBase.java:164)
	at org.apache.catalina.core.ContainerBase$StartChild.call(ContainerBase.java:1203)
	at org.apache.catalina.core.ContainerBase$StartChild.call(ContainerBase.java:1193)
	at java.base/java.util.concurrent.FutureTask.run$$$capture(FutureTask.java:264)
	at java.base/java.util.concurrent.FutureTask.run(FutureTask.java)
	at org.apache.tomcat.util.threads.InlineExecutorService.execute(InlineExecutorService.java:75)
	at java.base/java.util.concurrent.AbstractExecutorService.submit(AbstractExecutorService.java:145)
	at org.apache.catalina.core.ContainerBase.startInternal(ContainerBase.java:749)
	at org.apache.catalina.core.StandardHost.startInternal(StandardHost.java:772)
	at org.apache.catalina.util.LifecycleBase.start(LifecycleBase.java:164)
	at org.apache.catalina.core.ContainerBase$StartChild.call(ContainerBase.java:1203)
	at org.apache.catalina.core.ContainerBase$StartChild.call(ContainerBase.java:1193)
	at java.base/java.util.concurrent.FutureTask.run$$$capture(FutureTask.java:264)
	at java.base/java.util.concurrent.FutureTask.run(FutureTask.java)
	at org.apache.tomcat.util.threads.InlineExecutorService.execute(InlineExecutorService.java:75)
	at java.base/java.util.concurrent.AbstractExecutorService.submit(AbstractExecutorService.java:145)
	at org.apache.catalina.core.ContainerBase.startInternal(ContainerBase.java:749)
	at org.apache.catalina.core.StandardEngine.startInternal(StandardEngine.java:203)
	at org.apache.catalina.util.LifecycleBase.start(LifecycleBase.java:164)
	at org.apache.catalina.core.StandardService.startInternal(StandardService.java:412)
	at org.apache.catalina.util.LifecycleBase.start(LifecycleBase.java:164)
	at org.apache.catalina.core.StandardServer.startInternal(StandardServer.java:870)
	at org.apache.catalina.util.LifecycleBase.start(LifecycleBase.java:164)
	at org.apache.catalina.startup.Tomcat.start(Tomcat.java:438)
	at org.springframework.boot.web.embedded.tomcat.TomcatWebServer.initialize(TomcatWebServer.java:128)
	... 13 common frames omitted
Caused by: org.springframework.beans.factory.UnsatisfiedDependencyException: Error creating bean with name 'jwtExtractionFilter' defined in file [D:\RMSC Code\Transport-Service\target\classes\com\schoolerp\transport\config\JwtExtractionFilter.class]: Unsatisfied dependency expressed through constructor parameter 0: Error creating bean with name 'userRepository' defined in com.schoolerp.transport.repository.UserRepository defined in @EnableJpaRepositories declared on JpaRepositoriesRegistrar.EnableJpaRepositoriesConfiguration: Cannot resolve reference to bean 'jpaSharedEM_entityManagerFactory' while setting bean property 'entityManager'
	at org.springframework.beans.factory.support.ConstructorResolver.createArgumentArray(ConstructorResolver.java:804)
	at org.springframework.beans.factory.support.ConstructorResolver.autowireConstructor(ConstructorResolver.java:240)
	at org.springframework.beans.factory.support.AbstractAutowireCapableBeanFactory.autowireConstructor(AbstractAutowireCapableBeanFactory.java:1395)
	at org.springframework.beans.factory.support.AbstractAutowireCapableBeanFactory.createBeanInstance(AbstractAutowireCapableBeanFactory.java:1232)
	at org.springframework.beans.factory.support.AbstractAutowireCapableBeanFactory.doCreateBean(AbstractAutowireCapableBeanFactory.java:569)
	at org.springframework.beans.factory.support.AbstractAutowireCapableBeanFactory.createBean(AbstractAutowireCapableBeanFactory.java:529)
	at org.springframework.beans.factory.support.AbstractBeanFactory.lambda$doGetBean$0(AbstractBeanFactory.java:339)
	at org.springframework.beans.factory.support.DefaultSingletonBeanRegistry.getSingleton(DefaultSingletonBeanRegistry.java:373)
	at org.springframework.beans.factory.support.AbstractBeanFactory.doGetBean(AbstractBeanFactory.java:337)
	at org.springframework.beans.factory.support.AbstractBeanFactory.getBean(AbstractBeanFactory.java:202)
	at org.springframework.beans.factory.support.DefaultListableBeanFactory.doResolveDependency(DefaultListableBeanFactory.java:1690)
	at org.springframework.beans.factory.support.DefaultListableBeanFactory.resolveDependency(DefaultListableBeanFactory.java:1635)
	at org.springframework.beans.factory.support.ConstructorResolver.resolveAutowiredArgument(ConstructorResolver.java:913)
	at org.springframework.beans.factory.support.ConstructorResolver.createArgumentArray(ConstructorResolver.java:791)
	... 55 common frames omitted
Caused by: org.springframework.beans.factory.BeanCreationException: Error creating bean with name 'userRepository' defined in com.schoolerp.transport.repository.UserRepository defined in @EnableJpaRepositories declared on JpaRepositoriesRegistrar.EnableJpaRepositoriesConfiguration: Cannot resolve reference to bean 'jpaSharedEM_entityManagerFactory' while setting bean property 'entityManager'
	at org.springframework.beans.factory.support.BeanDefinitionValueResolver.resolveReference(BeanDefinitionValueResolver.java:377)
	at org.springframework.beans.factory.support.BeanDefinitionValueResolver.resolveValueIfNecessary(BeanDefinitionValueResolver.java:135)
	at org.springframework.beans.factory.support.AbstractAutowireCapableBeanFactory.applyPropertyValues(AbstractAutowireCapableBeanFactory.java:1725)
	at org.springframework.beans.factory.support.AbstractAutowireCapableBeanFactory.populateBean(AbstractAutowireCapableBeanFactory.java:1474)
	at org.springframework.beans.factory.support.AbstractAutowireCapableBeanFactory.doCreateBean(AbstractAutowireCapableBeanFactory.java:606)
	at org.springframework.beans.factory.support.AbstractAutowireCapableBeanFactory.createBean(AbstractAutowireCapableBeanFactory.java:529)
	at org.springframework.beans.factory.support.AbstractBeanFactory.lambda$doGetBean$0(AbstractBeanFactory.java:339)
	at org.springframework.beans.factory.support.DefaultSingletonBeanRegistry.getSingleton(DefaultSingletonBeanRegistry.java:373)
	at org.springframework.beans.factory.support.AbstractBeanFactory.doGetBean(AbstractBeanFactory.java:337)
	at org.springframework.beans.factory.support.AbstractBeanFactory.getBean(AbstractBeanFactory.java:202)
	at org.springframework.beans.factory.support.DefaultListableBeanFactory.doResolveDependency(DefaultListableBeanFactory.java:1690)
	at org.springframework.beans.factory.support.DefaultListableBeanFactory.resolveDependency(DefaultListableBeanFactory.java:1635)
	at org.springframework.beans.factory.support.ConstructorResolver.resolveAutowiredArgument(ConstructorResolver.java:913)
	at org.springframework.beans.factory.support.ConstructorResolver.createArgumentArray(ConstructorResolver.java:791)
	... 68 common frames omitted
Caused by: org.springframework.beans.factory.BeanCreationException: Error creating bean with name 'jpaSharedEM_entityManagerFactory': Cannot resolve reference to bean 'entityManagerFactory' while setting constructor argument
	at org.springframework.beans.factory.support.BeanDefinitionValueResolver.resolveReference(BeanDefinitionValueResolver.java:377)
	at org.springframework.beans.factory.support.BeanDefinitionValueResolver.resolveValueIfNecessary(BeanDefinitionValueResolver.java:135)
	at org.springframework.beans.factory.support.ConstructorResolver.resolveConstructorArguments(ConstructorResolver.java:691)
	at org.springframework.beans.factory.support.ConstructorResolver.instantiateUsingFactoryMethod(ConstructorResolver.java:513)
	at org.springframework.beans.factory.support.AbstractAutowireCapableBeanFactory.instantiateUsingFactoryMethod(AbstractAutowireCapableBeanFactory.java:1375)
	at org.springframework.beans.factory.support.AbstractAutowireCapableBeanFactory.createBeanInstance(AbstractAutowireCapableBeanFactory.java:1205)
	at org.springframework.beans.factory.support.AbstractAutowireCapableBeanFactory.doCreateBean(AbstractAutowireCapableBeanFactory.java:569)
	at org.springframework.beans.factory.support.AbstractAutowireCapableBeanFactory.createBean(AbstractAutowireCapableBeanFactory.java:529)
	at org.springframework.beans.factory.support.AbstractBeanFactory.lambda$doGetBean$0(AbstractBeanFactory.java:339)
	at org.springframework.beans.factory.support.DefaultSingletonBeanRegistry.getSingleton(DefaultSingletonBeanRegistry.java:373)
	at org.springframework.beans.factory.support.AbstractBeanFactory.doGetBean(AbstractBeanFactory.java:337)
	at org.springframework.beans.factory.support.AbstractBeanFactory.getBean(AbstractBeanFactory.java:202)
	at org.springframework.beans.factory.support.BeanDefinitionValueResolver.resolveReference(BeanDefinitionValueResolver.java:365)
	... 81 common frames omitted
Caused by: org.springframework.beans.factory.BeanCreationException: Error creating bean with name 'entityManagerFactory' defined in class path resource [org/springframework/boot/autoconfigure/orm/jpa/HibernateJpaConfiguration.class]: [PersistenceUnit: default] Unable to build Hibernate SessionFactory; nested exception is org.hibernate.exception.SQLGrammarException: Unable to open JDBC Connection for DDL execution [Unknown database 'schoolerp2'] [n/a]
	at org.springframework.beans.factory.support.AbstractAutowireCapableBeanFactory.initializeBean(AbstractAutowireCapableBeanFactory.java:1826)
	at org.springframework.beans.factory.support.AbstractAutowireCapableBeanFactory.doCreateBean(AbstractAutowireCapableBeanFactory.java:607)
	at org.springframework.beans.factory.support.AbstractAutowireCapableBeanFactory.createBean(AbstractAutowireCapableBeanFactory.java:529)
	at org.springframework.beans.factory.support.AbstractBeanFactory.lambda$doGetBean$0(AbstractBeanFactory.java:339)
	at org.springframework.beans.factory.support.DefaultSingletonBeanRegistry.getSingleton(DefaultSingletonBeanRegistry.java:373)
	at org.springframework.beans.factory.support.AbstractBeanFactory.doGetBean(AbstractBeanFactory.java:337)
	at org.springframework.beans.factory.support.AbstractBeanFactory.getBean(AbstractBeanFactory.java:202)
	at org.springframework.beans.factory.support.BeanDefinitionValueResolver.resolveReference(BeanDefinitionValueResolver.java:365)
	... 93 common frames omitted
Caused by: jakarta.persistence.PersistenceException: [PersistenceUnit: default] Unable to build Hibernate SessionFactory; nested exception is org.hibernate.exception.SQLGrammarException: Unable to open JDBC Connection for DDL execution [Unknown database 'schoolerp2'] [n/a]
	at org.springframework.orm.jpa.AbstractEntityManagerFactoryBean.buildNativeEntityManagerFactory(AbstractEntityManagerFactoryBean.java:431)
	at org.springframework.orm.jpa.AbstractEntityManagerFactoryBean.afterPropertiesSet(AbstractEntityManagerFactoryBean.java:400)
	at org.springframework.orm.jpa.LocalContainerEntityManagerFactoryBean.afterPropertiesSet(LocalContainerEntityManagerFactoryBean.java:366)
	at org.springframework.beans.factory.support.AbstractAutowireCapableBeanFactory.invokeInitMethods(AbstractAutowireCapableBeanFactory.java:1873)
	at org.springframework.beans.factory.support.AbstractAutowireCapableBeanFactory.initializeBean(AbstractAutowireCapableBeanFactory.java:1822)
	... 100 common frames omitted
Caused by: org.hibernate.exception.SQLGrammarException: Unable to open JDBC Connection for DDL execution [Unknown database 'schoolerp2'] [n/a]
	at org.hibernate.exception.internal.SQLExceptionTypeDelegate.convert(SQLExceptionTypeDelegate.java:66)
	at org.hibernate.exception.internal.StandardSQLExceptionConverter.convert(StandardSQLExceptionConverter.java:58)
	at org.hibernate.engine.jdbc.spi.SqlExceptionHelper.convert(SqlExceptionHelper.java:108)
	at org.hibernate.engine.jdbc.spi.SqlExceptionHelper.convert(SqlExceptionHelper.java:94)
	at org.hibernate.resource.transaction.backend.jdbc.internal.DdlTransactionIsolatorNonJtaImpl.getIsolatedConnection(DdlTransactionIsolatorNonJtaImpl.java:74)
	at org.hibernate.resource.transaction.backend.jdbc.internal.DdlTransactionIsolatorNonJtaImpl.getIsolatedConnection(DdlTransactionIsolatorNonJtaImpl.java:39)
	at org.hibernate.tool.schema.internal.exec.ImprovedExtractionContextImpl.getJdbcConnection(ImprovedExtractionContextImpl.java:63)
	at org.hibernate.tool.schema.internal.exec.ImprovedExtractionContextImpl.getJdbcDatabaseMetaData(ImprovedExtractionContextImpl.java:70)
	at org.hibernate.tool.schema.extract.internal.InformationExtractorJdbcDatabaseMetaDataImpl.processTableResultSet(InformationExtractorJdbcDatabaseMetaDataImpl.java:65)
	at org.hibernate.tool.schema.extract.internal.AbstractInformationExtractorImpl.getTables(AbstractInformationExtractorImpl.java:570)
	at org.hibernate.tool.schema.extract.internal.DatabaseInformationImpl.getTablesInformation(DatabaseInformationImpl.java:122)
	at org.hibernate.tool.schema.internal.GroupedSchemaMigratorImpl.performTablesMigration(GroupedSchemaMigratorImpl.java:72)
	at org.hibernate.tool.schema.internal.AbstractSchemaMigrator.performMigration(AbstractSchemaMigrator.java:233)
	at org.hibernate.tool.schema.internal.AbstractSchemaMigrator.doMigration(AbstractSchemaMigrator.java:112)
	at org.hibernate.tool.schema.spi.SchemaManagementToolCoordinator.performDatabaseAction(SchemaManagementToolCoordinator.java:280)
	at org.hibernate.tool.schema.spi.SchemaManagementToolCoordinator.lambda$process$5(SchemaManagementToolCoordinator.java:144)
	at java.base/java.util.HashMap.forEach(HashMap.java:1421)
	at org.hibernate.tool.schema.spi.SchemaManagementToolCoordinator.process(SchemaManagementToolCoordinator.java:141)
	at org.hibernate.boot.internal.SessionFactoryObserverForSchemaExport.sessionFactoryCreated(SessionFactoryObserverForSchemaExport.java:37)
	at org.hibernate.internal.SessionFactoryObserverChain.sessionFactoryCreated(SessionFactoryObserverChain.java:35)
	at org.hibernate.internal.SessionFactoryImpl.<init>(SessionFactoryImpl.java:324)
	at org.hibernate.boot.internal.SessionFactoryBuilderImpl.build(SessionFactoryBuilderImpl.java:463)
	at org.hibernate.jpa.boot.internal.EntityManagerFactoryBuilderImpl.build(EntityManagerFactoryBuilderImpl.java:1517)
	at org.springframework.orm.jpa.vendor.SpringHibernateJpaPersistenceProvider.createContainerEntityManagerFactory(SpringHibernateJpaPersistenceProvider.java:66)
	at org.springframework.orm.jpa.LocalContainerEntityManagerFactoryBean.createNativeEntityManagerFactory(LocalContainerEntityManagerFactoryBean.java:390)
	at org.springframework.orm.jpa.AbstractEntityManagerFactoryBean.buildNativeEntityManagerFactory(AbstractEntityManagerFactoryBean.java:419)
	... 104 common frames omitted
Caused by: java.sql.SQLSyntaxErrorException: Unknown database 'schoolerp2'
	at com.mysql.cj.jdbc.exceptions.SQLError.createSQLException(SQLError.java:112)
	at com.mysql.cj.jdbc.exceptions.SQLExceptionsMapping.translateException(SQLExceptionsMapping.java:114)
	at com.mysql.cj.jdbc.ConnectionImpl.createNewIO(ConnectionImpl.java:839)
	at com.mysql.cj.jdbc.ConnectionImpl.<init>(ConnectionImpl.java:415)
	at com.mysql.cj.jdbc.ConnectionImpl.getInstance(ConnectionImpl.java:237)
	at com.mysql.cj.jdbc.NonRegisteringDriver.connect(NonRegisteringDriver.java:180)
	at com.zaxxer.hikari.util.DriverDataSource.getConnection(DriverDataSource.java:144)
	at com.zaxxer.hikari.pool.PoolBase.newConnection(PoolBase.java:370)
	at com.zaxxer.hikari.pool.PoolBase.newPoolEntry(PoolBase.java:207)
	at com.zaxxer.hikari.pool.HikariPool.createPoolEntry(HikariPool.java:488)
	at com.zaxxer.hikari.pool.HikariPool.checkFailFast(HikariPool.java:576)
	at com.zaxxer.hikari.pool.HikariPool.<init>(HikariPool.java:97)
	at com.zaxxer.hikari.HikariDataSource.getConnection(HikariDataSource.java:111)
	at com.schoolerp.transport.config.SchemaBasedMultiTenantConnectionProvider.getAnyConnection(SchemaBasedMultiTenantConnectionProvider.java:21)
	at org.hibernate.engine.jdbc.env.internal.JdbcEnvironmentInitiator$MultiTenantConnectionProviderJdbcConnectionAccess.obtainConnection(JdbcEnvironmentInitiator.java:512)
	at org.hibernate.resource.transaction.backend.jdbc.internal.DdlTransactionIsolatorNonJtaImpl.getIsolatedConnection(DdlTransactionIsolatorNonJtaImpl.java:46)
	... 125 common frames omitted
2026-08-20 12:34:29 [] [] [] [main] INFO  c.s.t.TransportServiceApplication - Starting TransportServiceApplication using Java 17.0.16 with PID 8428 (D:\RMSC Code\Transport-Service\target\classes started by conte in D:\SERp\git code staff\Academic-Module)
2026-08-20 12:34:29 [] [] [] [main] INFO  c.s.t.TransportServiceApplication - No active profile set, falling back to 1 default profile: "default"
2026-08-20 12:34:33 [] [] [] [main] INFO  o.s.d.r.c.RepositoryConfigurationDelegate - Bootstrapping Spring Data JPA repositories in DEFAULT mode.
2026-08-20 12:34:33 [] [] [] [main] INFO  o.s.d.r.c.RepositoryConfigurationDelegate - Finished Spring Data repository scanning in 523 ms. Found 19 JPA repository interfaces.
2026-08-20 12:34:34 [] [] [] [main] INFO  o.s.cloud.context.scope.GenericScope - BeanFactory id=18cf57fc-78bb-3ee5-9577-9a6a9b004e35
2026-08-20 12:34:35 [] [] [] [main] INFO  o.s.b.w.e.tomcat.TomcatWebServer - Tomcat initialized with port 8071 (http)
2026-08-20 12:34:35 [] [] [] [main] INFO  o.a.catalina.core.StandardService - Starting service [Tomcat]
2026-08-20 12:34:35 [] [] [] [main] INFO  o.a.catalina.core.StandardEngine - Starting Servlet engine: [Apache Tomcat/10.1.44]
2026-08-20 12:34:35 [] [] [] [main] INFO  o.a.c.c.C.[Tomcat].[localhost].[/] - Initializing Spring embedded WebApplicationContext
2026-08-20 12:34:35 [] [] [] [main] INFO  o.s.b.w.s.c.ServletWebServerApplicationContext - Root WebApplicationContext: initialization completed in 6147 ms
2026-08-20 12:34:36 [] [] [] [main] INFO  o.h.jpa.internal.util.LogHelper - HHH000204: Processing PersistenceUnitInfo [name: default]
2026-08-20 12:34:36 [] [] [] [main] INFO  org.hibernate.Version - HHH000412: Hibernate ORM core version 6.6.26.Final
2026-08-20 12:34:36 [] [] [] [main] INFO  o.h.c.i.RegionFactoryInitiator - HHH000026: Second-level cache disabled
2026-08-20 12:34:36 [] [] [] [main] INFO  o.s.o.j.p.SpringPersistenceUnitInfo - No LoadTimeWeaver setup: ignoring JPA class transformer
2026-08-20 12:34:37 [] [] [] [main] INFO  com.zaxxer.hikari.HikariDataSource - HikariPool-1 - Starting...
2026-08-20 12:34:37 [] [] [] [main] INFO  com.zaxxer.hikari.pool.HikariPool - HikariPool-1 - Added connection com.mysql.cj.jdbc.ConnectionImpl@19540247
2026-08-20 12:34:37 [] [] [] [main] INFO  com.zaxxer.hikari.HikariDataSource - HikariPool-1 - Start completed.
2026-08-20 12:34:37 [] [] [] [main] WARN  org.hibernate.orm.deprecation - HHH90000025: MySQL8Dialect does not need to be specified explicitly using 'hibernate.dialect' (remove the property setting and it will be selected by default)
2026-08-20 12:34:37 [] [] [] [main] WARN  org.hibernate.orm.deprecation - HHH90000026: MySQL8Dialect has been deprecated; use org.hibernate.dialect.MySQLDialect instead
2026-08-20 12:34:37 [] [] [] [main] INFO  o.hibernate.orm.connections.pooling - HHH10001005: Database info:
	Database JDBC URL [undefined/unknown]
	Database driver: undefined/unknown
	Database version: 8.0
	Autocommit mode: undefined/unknown
	Isolation level: undefined/unknown
	Minimum pool size: undefined/unknown
	Maximum pool size: undefined/unknown
2026-08-20 12:34:41 [] [] [] [main] INFO  o.h.e.t.j.p.i.JtaPlatformInitiator - HHH000489: No JTA platform available (set 'hibernate.transaction.jta.platform' to enable JTA platform integration)
2026-08-20 12:34:42 [] [] [] [main] INFO  o.s.o.j.LocalContainerEntityManagerFactoryBean - Initialized JPA EntityManagerFactory for persistence unit 'default'
2026-08-20 12:34:42 [] [] [] [main] INFO  o.s.d.j.r.query.QueryEnhancerFactory - Hibernate is in classpath; If applicable, HQL parser will be used.
2026-08-20 12:34:49 [] [] [] [main] WARN  o.s.b.a.o.j.JpaBaseConfiguration$JpaWebConfiguration - spring.jpa.open-in-view is enabled by default. Therefore, database queries may be performed during view rendering. Explicitly configure spring.jpa.open-in-view to disable this warning
2026-08-20 12:34:52 [] [] [] [main] INFO  o.s.c.n.e.c.DiscoveryClientOptionalArgsConfiguration - Eureka HTTP Client uses RestTemplate.
2026-08-20 12:34:52 [] [] [] [main] WARN  o.s.c.l.c.LoadBalancerCacheAutoConfiguration$LoadBalancerCaffeineWarnLogger - Spring Cloud LoadBalancer is currently working with the default cache. While this cache implementation is useful for development and tests, it's recommended to use Caffeine cache in production.You can switch to using Caffeine cache, by adding it and org.springframework.cache.caffeine.CaffeineCacheManager to the classpath.
2026-08-20 12:34:52 [] [] [] [main] INFO  o.s.b.a.e.web.EndpointLinksResolver - Exposing 3 endpoints beneath base path '/actuator'
2026-08-20 12:34:52 [] [] [] [main] INFO  o.s.c.n.eureka.InstanceInfoFactory - Setting initial instance status as: STARTING
2026-08-20 12:34:52 [] [] [] [main] INFO  c.netflix.discovery.DiscoveryClient - Initializing Eureka in region us-east-1
2026-08-20 12:34:52 [] [] [] [main] INFO  c.netflix.discovery.DiscoveryClient - Client configured to neither register nor query for data.
2026-08-20 12:34:52 [] [] [] [main] INFO  c.netflix.discovery.DiscoveryClient - Discovery Client initialized at timestamp 1787209492865 with initial instances count: 0
2026-08-20 12:34:52 [] [] [] [main] INFO  o.s.c.n.e.s.EurekaServiceRegistry - Registering application TRANSPORTSERVICE with eureka with status UP
2026-08-20 12:34:52 [] [] [] [main] INFO  o.s.b.w.e.tomcat.TomcatWebServer - Tomcat started on port 8071 (http) with context path '/'
2026-08-20 12:34:52 [] [] [] [main] INFO  o.s.c.n.e.s.EurekaAutoServiceRegistration - Updating port to 8071
2026-08-20 12:34:53 [] [] [] [main] INFO  c.s.t.TransportServiceApplication - Started TransportServiceApplication in 25.267 seconds (process running for 26.785)
2026-08-20 12:41:43 [] [] [] [http-nio-8071-exec-3] INFO  o.a.c.c.C.[Tomcat].[localhost].[/] - Initializing Spring DispatcherServlet 'dispatcherServlet'
2026-08-20 12:41:43 [] [] [] [http-nio-8071-exec-3] INFO  o.s.web.servlet.DispatcherServlet - Initializing Servlet 'dispatcherServlet'
2026-08-20 12:41:43 [] [] [] [http-nio-8071-exec-3] INFO  o.s.web.servlet.DispatcherServlet - Completed initialization in 239 ms
2026-08-20 12:41:45 [] [] [] [http-nio-8071-exec-3] INFO  c.s.transport.config.TenantFilter - 🔍 Decoded JWT Claims: {name=NUCLEUS (ANILYAGIK), userType=COADMIN, userId=3484, email=nucleus1@siper.ac.in, sub=nucleus1@siper.ac.in, iat=1786623732, exp=1786624632}
2026-08-20 12:41:45 [] [] [] [http-nio-8071-exec-3] WARN  c.s.transport.config.TenantFilter - ⚠️ No 'schema' or 'tenant' claim found in JWT payload
2026-08-20 12:41:45 [] [] [] [http-nio-8071-exec-3] WARN  c.s.transport.config.TenantFilter - ⚠️ No schema resolved from JWT or X-Schema header; using default tenant
2026-08-20 12:41:45 [C5174E2E] [7faf446a-6baf-4f1f-af01-91baf5157bfd] [GET /api/v1/transport-module/fee-reports/getTransportFeeReport] [http-nio-8071-exec-3] INFO  c.s.t.interceptor.LoggingInterceptor - Incoming request: GET /api/v1/transport-module/fee-reports/getTransportFeeReport | logId: C5174E2E | requestId: 7faf446a-6baf-4f1f-af01-91baf5157bfd
2026-08-20 12:41:48 [C5174E2E] [7faf446a-6baf-4f1f-af01-91baf5157bfd] [GET /api/v1/transport-module/fee-reports/getTransportFeeReport] [http-nio-8071-exec-3] INFO  c.s.t.interceptor.LoggingInterceptor - Request completed: GET /api/v1/transport-module/fee-reports/getTransportFeeReport | Status: 200 | logId: C5174E2E | requestId: 7faf446a-6baf-4f1f-af01-91baf5157bfd
2026-08-20 12:55:41 [] [] [] [HikariPool-1:housekeeper] WARN  com.zaxxer.hikari.pool.PoolBase - HikariPool-1 - Failed to validate connection com.mysql.cj.jdbc.ConnectionImpl@229624b0 (No operations allowed after connection closed.). Possibly consider using a shorter maxLifetime value.
2026-08-20 12:56:11 [] [] [] [HikariPool-1:housekeeper] WARN  com.zaxxer.hikari.pool.PoolBase - HikariPool-1 - Failed to validate connection com.mysql.cj.jdbc.ConnectionImpl@4bedbe6 (No operations allowed after connection closed.). Possibly consider using a shorter maxLifetime value.
2026-08-20 12:56:16 [] [] [] [HikariPool-1:housekeeper] WARN  com.zaxxer.hikari.pool.PoolBase - HikariPool-1 - Failed to validate connection com.mysql.cj.jdbc.ConnectionImpl@7c9a9bb9 (No operations allowed after connection closed.). Possibly consider using a shorter maxLifetime value.
2026-08-20 12:58:39 [] [] [] [HikariPool-1:housekeeper] WARN  com.zaxxer.hikari.pool.PoolBase - HikariPool-1 - Failed to validate connection com.mysql.cj.jdbc.ConnectionImpl@3f7f7524 (No operations allowed after connection closed.). Possibly consider using a shorter maxLifetime value.
2026-08-20 12:58:48 [] [] [] [HikariPool-1:housekeeper] WARN  com.zaxxer.hikari.pool.PoolBase - HikariPool-1 - Failed to validate connection com.mysql.cj.jdbc.ConnectionImpl@942cdce (No operations allowed after connection closed.). Possibly consider using a shorter maxLifetime value.
2026-08-20 12:59:00 [] [] [] [HikariPool-1:housekeeper] WARN  com.zaxxer.hikari.pool.PoolBase - HikariPool-1 - Failed to validate connection com.mysql.cj.jdbc.ConnectionImpl@2a84854b (No operations allowed after connection closed.). Possibly consider using a shorter maxLifetime value.
2026-08-20 12:59:10 [] [] [] [HikariPool-1:housekeeper] WARN  com.zaxxer.hikari.pool.PoolBase - HikariPool-1 - Failed to validate connection com.mysql.cj.jdbc.ConnectionImpl@2021b8f (No operations allowed after connection closed.). Possibly consider using a shorter maxLifetime value.
2026-08-20 12:59:17 [] [] [] [HikariPool-1:housekeeper] WARN  com.zaxxer.hikari.pool.PoolBase - HikariPool-1 - Failed to validate connection com.mysql.cj.jdbc.ConnectionImpl@4d9b7433 (No operations allowed after connection closed.). Possibly consider using a shorter maxLifetime value.
2026-08-20 13:00:14 [] [] [] [HikariPool-1:housekeeper] WARN  com.zaxxer.hikari.pool.PoolBase - HikariPool-1 - Failed to validate connection com.mysql.cj.jdbc.ConnectionImpl@1a67a52d (No operations allowed after connection closed.). Possibly consider using a shorter maxLifetime value.
2026-08-20 13:00:19 [] [] [] [HikariPool-1:housekeeper] WARN  com.zaxxer.hikari.pool.PoolBase - HikariPool-1 - Failed to validate connection com.mysql.cj.jdbc.ConnectionImpl@6f48568 (No operations allowed after connection closed.). Possibly consider using a shorter maxLifetime value.
2026-08-20 13:00:24 [] [] [] [HikariPool-1:housekeeper] WARN  com.zaxxer.hikari.pool.PoolBase - HikariPool-1 - Failed to validate connection com.mysql.cj.jdbc.ConnectionImpl@5ecf598 (No operations allowed after connection closed.). Possibly consider using a shorter maxLifetime value.
2026-08-20 13:01:24 [] [] [] [HikariPool-1:housekeeper] WARN  com.zaxxer.hikari.pool.PoolBase - HikariPool-1 - Failed to validate connection com.mysql.cj.jdbc.ConnectionImpl@2463ca0d (No operations allowed after connection closed.). Possibly consider using a shorter maxLifetime value.
2026-08-20 13:05:50 [] [] [] [HikariPool-1:housekeeper] WARN  com.zaxxer.hikari.pool.PoolBase - HikariPool-1 - Failed to validate connection com.mysql.cj.jdbc.ConnectionImpl@7526e2a9 (No operations allowed after connection closed.). Possibly consider using a shorter maxLifetime value.
2026-08-20 13:06:13 [] [] [] [HikariPool-1:housekeeper] WARN  com.zaxxer.hikari.pool.PoolBase - HikariPool-1 - Failed to validate connection com.mysql.cj.jdbc.ConnectionImpl@79cbab98 (No operations allowed after connection closed.). Possibly consider using a shorter maxLifetime value.
2026-08-20 13:06:31 [] [] [] [http-nio-8071-exec-4] WARN  com.zaxxer.hikari.pool.PoolBase - HikariPool-1 - Failed to validate connection com.mysql.cj.jdbc.ConnectionImpl@5383a9e5 (No operations allowed after connection closed.). Possibly consider using a shorter maxLifetime value.
2026-08-20 13:06:33 [] [] [] [HikariPool-1:housekeeper] WARN  com.zaxxer.hikari.pool.PoolBase - HikariPool-1 - Failed to validate connection com.mysql.cj.jdbc.ConnectionImpl@7601f9ee (No operations allowed after connection closed.). Possibly consider using a shorter maxLifetime value.
2026-08-20 13:06:36 [] [] [] [http-nio-8071-exec-4] WARN  com.zaxxer.hikari.pool.PoolBase - HikariPool-1 - Failed to validate connection com.mysql.cj.jdbc.ConnectionImpl@11e92ade (No operations allowed after connection closed.). Possibly consider using a shorter maxLifetime value.
2026-08-20 13:06:38 [] [] [] [HikariPool-1:housekeeper] WARN  com.zaxxer.hikari.pool.PoolBase - HikariPool-1 - Failed to validate connection com.mysql.cj.jdbc.ConnectionImpl@2afe666f (No operations allowed after connection closed.). Possibly consider using a shorter maxLifetime value.
2026-08-20 13:06:41 [] [] [] [http-nio-8071-exec-4] WARN  com.zaxxer.hikari.pool.PoolBase - HikariPool-1 - Failed to validate connection com.mysql.cj.jdbc.ConnectionImpl@27dddd5e (No operations allowed after connection closed.). Possibly consider using a shorter maxLifetime value.
2026-08-20 13:06:46 [] [] [] [http-nio-8071-exec-4] WARN  com.zaxxer.hikari.pool.PoolBase - HikariPool-1 - Failed to validate connection com.mysql.cj.jdbc.ConnectionImpl@695f84c1 (No operations allowed after connection closed.). Possibly consider using a shorter maxLifetime value.
2026-08-20 13:06:51 [] [] [] [http-nio-8071-exec-4] WARN  com.zaxxer.hikari.pool.PoolBase - HikariPool-1 - Failed to validate connection com.mysql.cj.jdbc.ConnectionImpl@76aed2be (No operations allowed after connection closed.). Possibly consider using a shorter maxLifetime value.
2026-08-20 13:06:56 [] [] [] [http-nio-8071-exec-4] WARN  com.zaxxer.hikari.pool.PoolBase - HikariPool-1 - Failed to validate connection com.mysql.cj.jdbc.ConnectionImpl@6737a6d5 (No operations allowed after connection closed.). Possibly consider using a shorter maxLifetime value.
2026-08-20 13:06:56 [] [] [] [http-nio-8071-exec-4] WARN  o.h.e.jdbc.spi.SqlExceptionHelper - SQL Error: 0, SQLState: 08003
2026-08-20 13:06:56 [] [] [] [http-nio-8071-exec-4] ERROR o.h.e.jdbc.spi.SqlExceptionHelper - HikariPool-1 - Connection is not available, request timed out after 30100ms (total=0, active=0, idle=0, waiting=0)
2026-08-20 13:06:56 [] [] [] [http-nio-8071-exec-4] ERROR o.h.e.jdbc.spi.SqlExceptionHelper - No operations allowed after connection closed.
2026-08-20 13:06:57 [] [] [] [http-nio-8071-exec-4] ERROR o.a.c.c.C.[.[.[.[dispatcherServlet] - Servlet.service() for servlet [dispatcherServlet] in context with path [] threw exception
org.springframework.dao.DataAccessResourceFailureException: Unable to acquire JDBC Connection [HikariPool-1 - Connection is not available, request timed out after 30100ms (total=0, active=0, idle=0, waiting=0)] [n/a]
	at org.springframework.orm.jpa.vendor.HibernateJpaDialect.convertHibernateAccessException(HibernateJpaDialect.java:278)
	at org.springframework.orm.jpa.vendor.HibernateJpaDialect.convertHibernateAccessException(HibernateJpaDialect.java:256)
	at org.springframework.orm.jpa.vendor.HibernateJpaDialect.translateExceptionIfPossible(HibernateJpaDialect.java:241)
	at org.springframework.orm.jpa.AbstractEntityManagerFactoryBean.translateExceptionIfPossible(AbstractEntityManagerFactoryBean.java:560)
	at org.springframework.dao.support.ChainedPersistenceExceptionTranslator.translateExceptionIfPossible(ChainedPersistenceExceptionTranslator.java:61)
	at org.springframework.dao.support.DataAccessUtils.translateIfNecessary(DataAccessUtils.java:343)
	at org.springframework.dao.support.PersistenceExceptionTranslationInterceptor.invoke(PersistenceExceptionTranslationInterceptor.java:160)
	at org.springframework.aop.framework.ReflectiveMethodInvocation.proceed(ReflectiveMethodInvocation.java:184)
	at org.springframework.data.jpa.repository.support.CrudMethodMetadataPostProcessor$CrudMethodMetadataPopulatingMethodInterceptor.invoke(CrudMethodMetadataPostProcessor.java:136)
	at org.springframework.aop.framework.ReflectiveMethodInvocation.proceed(ReflectiveMethodInvocation.java:184)
	at org.springframework.aop.framework.JdkDynamicAopProxy.invoke(JdkDynamicAopProxy.java:223)
	at jdk.proxy2/jdk.proxy2.$Proxy177.findStaffIdByUserId(Unknown Source)
	at com.schoolerp.transport.config.JwtExtractionFilter.doFilter(JwtExtractionFilter.java:50)
	at org.apache.catalina.core.ApplicationFilterChain.internalDoFilter(ApplicationFilterChain.java:164)
	at org.apache.catalina.core.ApplicationFilterChain.doFilter(ApplicationFilterChain.java:140)
	at org.springframework.web.filter.RequestContextFilter.doFilterInternal(RequestContextFilter.java:100)
	at org.springframework.web.filter.OncePerRequestFilter.doFilter(OncePerRequestFilter.java:116)
	at org.apache.catalina.core.ApplicationFilterChain.internalDoFilter(ApplicationFilterChain.java:164)
	at org.apache.catalina.core.ApplicationFilterChain.doFilter(ApplicationFilterChain.java:140)
	at org.springframework.web.filter.FormContentFilter.doFilterInternal(FormContentFilter.java:93)
	at org.springframework.web.filter.OncePerRequestFilter.doFilter(OncePerRequestFilter.java:116)
	at org.apache.catalina.core.ApplicationFilterChain.internalDoFilter(ApplicationFilterChain.java:164)
	at org.apache.catalina.core.ApplicationFilterChain.doFilter(ApplicationFilterChain.java:140)
	at org.springframework.web.filter.ServerHttpObservationFilter.doFilterInternal(ServerHttpObservationFilter.java:110)
	at org.springframework.web.filter.OncePerRequestFilter.doFilter(OncePerRequestFilter.java:116)
	at org.apache.catalina.core.ApplicationFilterChain.internalDoFilter(ApplicationFilterChain.java:164)
	at org.apache.catalina.core.ApplicationFilterChain.doFilter(ApplicationFilterChain.java:140)
	at org.springframework.web.filter.CharacterEncodingFilter.doFilterInternal(CharacterEncodingFilter.java:201)
	at org.springframework.web.filter.OncePerRequestFilter.doFilter(OncePerRequestFilter.java:116)
	at org.apache.catalina.core.ApplicationFilterChain.internalDoFilter(ApplicationFilterChain.java:164)
	at org.apache.catalina.core.ApplicationFilterChain.doFilter(ApplicationFilterChain.java:140)
	at org.apache.catalina.core.StandardWrapperValve.invoke(StandardWrapperValve.java:167)
	at org.apache.catalina.core.StandardContextValve.invoke(StandardContextValve.java:90)
	at org.apache.catalina.authenticator.AuthenticatorBase.invoke(AuthenticatorBase.java:483)
	at org.apache.catalina.core.StandardHostValve.invoke(StandardHostValve.java:116)
	at org.apache.catalina.valves.ErrorReportValve.invoke(ErrorReportValve.java:93)
	at org.apache.catalina.core.StandardEngineValve.invoke(StandardEngineValve.java:74)
	at org.apache.catalina.connector.CoyoteAdapter.service(CoyoteAdapter.java:344)
	at org.apache.coyote.http11.Http11Processor.service(Http11Processor.java:398)
	at org.apache.coyote.AbstractProcessorLight.process(AbstractProcessorLight.java:63)
	at org.apache.coyote.AbstractProtocol$ConnectionHandler.process(AbstractProtocol.java:903)
	at org.apache.tomcat.util.net.NioEndpoint$SocketProcessor.doRun(NioEndpoint.java:1769)
	at org.apache.tomcat.util.net.SocketProcessorBase.run(SocketProcessorBase.java:52)
	at org.apache.tomcat.util.threads.ThreadPoolExecutor.runWorker(ThreadPoolExecutor.java:1189)
	at org.apache.tomcat.util.threads.ThreadPoolExecutor$Worker.run(ThreadPoolExecutor.java:658)
	at org.apache.tomcat.util.threads.TaskThread$WrappingRunnable.run(TaskThread.java:63)
	at java.base/java.lang.Thread.run(Thread.java:840)
Caused by: org.hibernate.exception.JDBCConnectionException: Unable to acquire JDBC Connection [HikariPool-1 - Connection is not available, request timed out after 30100ms (total=0, active=0, idle=0, waiting=0)] [n/a]
	at org.hibernate.exception.internal.SQLExceptionTypeDelegate.convert(SQLExceptionTypeDelegate.java:51)
	at org.hibernate.exception.internal.StandardSQLExceptionConverter.convert(StandardSQLExceptionConverter.java:58)
	at org.hibernate.engine.jdbc.spi.SqlExceptionHelper.convert(SqlExceptionHelper.java:108)
	at org.hibernate.engine.jdbc.spi.SqlExceptionHelper.convert(SqlExceptionHelper.java:94)
	at org.hibernate.resource.jdbc.internal.LogicalConnectionManagedImpl.acquireConnectionIfNeeded(LogicalConnectionManagedImpl.java:129)
	at org.hibernate.resource.jdbc.internal.LogicalConnectionManagedImpl.getPhysicalConnection(LogicalConnectionManagedImpl.java:156)
	at org.hibernate.engine.jdbc.internal.StatementPreparerImpl.connection(StatementPreparerImpl.java:56)
	at org.hibernate.engine.jdbc.internal.StatementPreparerImpl$4.doPrepare(StatementPreparerImpl.java:151)
	at org.hibernate.engine.jdbc.internal.StatementPreparerImpl$StatementPreparationTemplate.prepareStatement(StatementPreparerImpl.java:180)
	at org.hibernate.engine.jdbc.internal.StatementPreparerImpl.prepareQueryStatement(StatementPreparerImpl.java:153)
	at org.hibernate.sql.exec.internal.StandardStatementCreator.createStatement(StandardStatementCreator.java:49)
	at org.hibernate.sql.results.jdbc.internal.DeferredResultSetAccess.executeQuery(DeferredResultSetAccess.java:236)
	at org.hibernate.sql.results.jdbc.internal.DeferredResultSetAccess.getResultSet(DeferredResultSetAccess.java:172)
	at org.hibernate.sql.results.jdbc.internal.AbstractResultSetAccess.getMetaData(AbstractResultSetAccess.java:36)
	at org.hibernate.sql.results.jdbc.internal.AbstractResultSetAccess.getColumnCount(AbstractResultSetAccess.java:52)
	at org.hibernate.query.results.ResultSetMappingImpl.resolve(ResultSetMappingImpl.java:194)
	at org.hibernate.sql.exec.internal.JdbcSelectExecutorStandardImpl.resolveJdbcValuesSource(JdbcSelectExecutorStandardImpl.java:340)
	at org.hibernate.sql.exec.internal.JdbcSelectExecutorStandardImpl.doExecuteQuery(JdbcSelectExecutorStandardImpl.java:137)
	at org.hibernate.sql.exec.internal.JdbcSelectExecutorStandardImpl.executeQuery(JdbcSelectExecutorStandardImpl.java:102)
	at org.hibernate.sql.exec.spi.JdbcSelectExecutor.executeQuery(JdbcSelectExecutor.java:91)
	at org.hibernate.sql.exec.spi.JdbcSelectExecutor.list(JdbcSelectExecutor.java:165)
	at org.hibernate.sql.exec.spi.JdbcSelectExecutor.list(JdbcSelectExecutor.java:142)
	at org.hibernate.sql.exec.spi.JdbcSelectExecutor.list(JdbcSelectExecutor.java:132)
	at org.hibernate.query.sql.internal.NativeSelectQueryPlanImpl.performList(NativeSelectQueryPlanImpl.java:135)
	at org.hibernate.query.sql.internal.NativeQueryImpl.doList(NativeQueryImpl.java:697)
	at org.hibernate.query.spi.AbstractSelectionQuery.list(AbstractSelectionQuery.java:143)
	at org.hibernate.query.spi.AbstractSelectionQuery.getSingleResult(AbstractSelectionQuery.java:275)
	at java.base/jdk.internal.reflect.NativeMethodAccessorImpl.invoke0(Native Method)
	at java.base/jdk.internal.reflect.NativeMethodAccessorImpl.invoke(NativeMethodAccessorImpl.java:77)
	at java.base/jdk.internal.reflect.DelegatingMethodAccessorImpl.invoke(DelegatingMethodAccessorImpl.java:43)
	at java.base/java.lang.reflect.Method.invoke(Method.java:569)
	at org.springframework.orm.jpa.SharedEntityManagerCreator$DeferredQueryInvocationHandler.invoke(SharedEntityManagerCreator.java:419)
	at jdk.proxy2/jdk.proxy2.$Proxy231.getSingleResult(Unknown Source)
	at org.springframework.data.jpa.repository.query.JpaQueryExecution$SingleEntityExecution.doExecute(JpaQueryExecution.java:224)
	at org.springframework.data.jpa.repository.query.JpaQueryExecution.execute(JpaQueryExecution.java:93)
	at org.springframework.data.jpa.repository.query.AbstractJpaQuery.doExecute(AbstractJpaQuery.java:160)
	at org.springframework.data.jpa.repository.query.AbstractJpaQuery.execute(AbstractJpaQuery.java:148)
	at org.springframework.data.repository.core.support.RepositoryMethodInvoker.doInvoke(RepositoryMethodInvoker.java:170)
	at org.springframework.data.repository.core.support.RepositoryMethodInvoker.invoke(RepositoryMethodInvoker.java:158)
	at org.springframework.data.repository.core.support.QueryExecutorMethodInterceptor.doInvoke(QueryExecutorMethodInterceptor.java:170)
	at org.springframework.data.repository.core.support.QueryExecutorMethodInterceptor.invoke(QueryExecutorMethodInterceptor.java:149)
	at org.springframework.aop.framework.ReflectiveMethodInvocation.proceed(ReflectiveMethodInvocation.java:184)
	at org.springframework.data.projection.DefaultMethodInvokingMethodInterceptor.invoke(DefaultMethodInvokingMethodInterceptor.java:69)
	at org.springframework.aop.framework.ReflectiveMethodInvocation.proceed(ReflectiveMethodInvocation.java:184)
	at org.springframework.transaction.interceptor.TransactionAspectSupport.invokeWithinTransaction(TransactionAspectSupport.java:380)
	at org.springframework.transaction.interceptor.TransactionInterceptor.invoke(TransactionInterceptor.java:119)
	at org.springframework.aop.framework.ReflectiveMethodInvocation.proceed(ReflectiveMethodInvocation.java:184)
	at org.springframework.dao.support.PersistenceExceptionTranslationInterceptor.invoke(PersistenceExceptionTranslationInterceptor.java:138)
	... 40 common frames omitted
Caused by: java.sql.SQLTransientConnectionException: HikariPool-1 - Connection is not available, request timed out after 30100ms (total=0, active=0, idle=0, waiting=0)
	at com.zaxxer.hikari.pool.HikariPool.createTimeoutException(HikariPool.java:714)
	at com.zaxxer.hikari.pool.HikariPool.getConnection(HikariPool.java:184)
	at com.zaxxer.hikari.pool.HikariPool.getConnection(HikariPool.java:142)
	at com.zaxxer.hikari.HikariDataSource.getConnection(HikariDataSource.java:127)
	at com.schoolerp.transport.config.SchemaBasedMultiTenantConnectionProvider.getAnyConnection(SchemaBasedMultiTenantConnectionProvider.java:21)
	at com.schoolerp.transport.config.SchemaBasedMultiTenantConnectionProvider.getConnection(SchemaBasedMultiTenantConnectionProvider.java:32)
	at com.schoolerp.transport.config.SchemaBasedMultiTenantConnectionProvider.getConnection(SchemaBasedMultiTenantConnectionProvider.java:10)
	at org.hibernate.internal.ContextualJdbcConnectionAccess.obtainConnection(ContextualJdbcConnectionAccess.java:52)
	at org.hibernate.resource.jdbc.internal.LogicalConnectionManagedImpl.acquireConnectionIfNeeded(LogicalConnectionManagedImpl.java:126)
	... 83 common frames omitted
Caused by: java.sql.SQLNonTransientConnectionException: No operations allowed after connection closed.
	at com.mysql.cj.jdbc.exceptions.SQLError.createSQLException(SQLError.java:102)
	at com.mysql.cj.jdbc.exceptions.SQLError.createSQLException(SQLError.java:89)
	at com.mysql.cj.jdbc.exceptions.SQLError.createSQLException(SQLError.java:81)
	at com.mysql.cj.jdbc.exceptions.SQLError.createSQLException(SQLError.java:55)
	at com.mysql.cj.jdbc.exceptions.SQLError.createSQLException(SQLError.java:65)
	at com.mysql.cj.jdbc.exceptions.SQLExceptionsMapping.translateException(SQLExceptionsMapping.java:64)
	at com.mysql.cj.jdbc.ConnectionImpl.setNetworkTimeout(ConnectionImpl.java:2701)
	at com.zaxxer.hikari.pool.PoolBase.setNetworkTimeout(PoolBase.java:582)
	at com.zaxxer.hikari.pool.PoolBase.isConnectionDead(PoolBase.java:174)
	at com.zaxxer.hikari.pool.HikariPool.getConnection(HikariPool.java:166)
	... 90 common frames omitted
Caused by: com.mysql.cj.exceptions.ConnectionIsClosedException: No operations allowed after connection closed.
	at jdk.internal.reflect.GeneratedConstructorAccessor78.newInstance(Unknown Source)
	at java.base/jdk.internal.reflect.DelegatingConstructorAccessorImpl.newInstance(DelegatingConstructorAccessorImpl.java:45)
	at java.base/java.lang.reflect.Constructor.newInstanceWithCaller(Constructor.java:500)
	at java.base/java.lang.reflect.Constructor.newInstance(Constructor.java:481)
	at com.mysql.cj.exceptions.ExceptionFactory.createException(ExceptionFactory.java:52)
	at com.mysql.cj.exceptions.ExceptionFactory.createException(ExceptionFactory.java:95)
	at com.mysql.cj.exceptions.ExceptionFactory.createException(ExceptionFactory.java:140)
	at com.mysql.cj.NativeSession.checkClosed(NativeSession.java:929)
	at com.mysql.cj.jdbc.ConnectionImpl.checkClosed(ConnectionImpl.java:557)
	at com.mysql.cj.jdbc.ConnectionImpl.setNetworkTimeout(ConnectionImpl.java:2696)
	... 93 common frames omitted
2026-08-20 13:07:59 [] [] [] [http-nio-8071-exec-8] INFO  c.s.transport.config.TenantFilter - 🔍 Decoded JWT Claims: {name=NUCLEUS (ANILYAGIK), userType=COADMIN, userId=3484, email=nucleus1@siper.ac.in, sub=nucleus1@siper.ac.in, iat=1786623732, exp=1786624632}
2026-08-20 13:07:59 [] [] [] [http-nio-8071-exec-8] WARN  c.s.transport.config.TenantFilter - ⚠️ No 'schema' or 'tenant' claim found in JWT payload
2026-08-20 13:07:59 [] [] [] [http-nio-8071-exec-8] WARN  c.s.transport.config.TenantFilter - ⚠️ No schema resolved from JWT or X-Schema header; using default tenant
2026-08-20 13:07:59 [D15C5A91] [c7edbe36-ec01-439b-9308-6e5fa8009ed5] [GET /api/v1/transport-module/fee-reports/createRoute] [http-nio-8071-exec-8] INFO  c.s.t.interceptor.LoggingInterceptor - Incoming request: GET /api/v1/transport-module/fee-reports/createRoute | logId: D15C5A91 | requestId: c7edbe36-ec01-439b-9308-6e5fa8009ed5
2026-08-20 13:07:59 [D15C5A91] [c7edbe36-ec01-439b-9308-6e5fa8009ed5] [GET /api/v1/transport-module/fee-reports/createRoute] [http-nio-8071-exec-8] ERROR c.s.t.e.GlobalExceptionHandler - logId: D15C5A91 - Unexpected error: 
org.springframework.web.servlet.resource.NoResourceFoundException: No static resource api/v1/transport-module/fee-reports/createRoute.
	at org.springframework.web.servlet.resource.ResourceHttpRequestHandler.handleRequest(ResourceHttpRequestHandler.java:585)
	at org.springframework.web.servlet.mvc.HttpRequestHandlerAdapter.handle(HttpRequestHandlerAdapter.java:52)
	at org.springframework.web.servlet.DispatcherServlet.doDispatch(DispatcherServlet.java:1089)
	at org.springframework.web.servlet.DispatcherServlet.doService(DispatcherServlet.java:979)
	at org.springframework.web.servlet.FrameworkServlet.processRequest(FrameworkServlet.java:1014)
	at org.springframework.web.servlet.FrameworkServlet.doGet(FrameworkServlet.java:903)
	at jakarta.servlet.http.HttpServlet.service(HttpServlet.java:564)
	at org.springframework.web.servlet.FrameworkServlet.service(FrameworkServlet.java:885)
	at jakarta.servlet.http.HttpServlet.service(HttpServlet.java:658)
	at org.apache.catalina.core.ApplicationFilterChain.internalDoFilter(ApplicationFilterChain.java:195)
	at org.apache.catalina.core.ApplicationFilterChain.doFilter(ApplicationFilterChain.java:140)
	at org.apache.tomcat.websocket.server.WsFilter.doFilter(WsFilter.java:51)
	at org.apache.catalina.core.ApplicationFilterChain.internalDoFilter(ApplicationFilterChain.java:164)
	at org.apache.catalina.core.ApplicationFilterChain.doFilter(ApplicationFilterChain.java:140)
	at com.schoolerp.transport.config.TenantFilter.doFilterInternal(TenantFilter.java:111)
	at org.springframework.web.filter.OncePerRequestFilter.doFilter(OncePerRequestFilter.java:116)
	at org.apache.catalina.core.ApplicationFilterChain.internalDoFilter(ApplicationFilterChain.java:164)
	at org.apache.catalina.core.ApplicationFilterChain.doFilter(ApplicationFilterChain.java:140)
	at com.schoolerp.transport.config.JwtExtractionFilter.doFilter(JwtExtractionFilter.java:56)
	at org.apache.catalina.core.ApplicationFilterChain.internalDoFilter(ApplicationFilterChain.java:164)
	at org.apache.catalina.core.ApplicationFilterChain.doFilter(ApplicationFilterChain.java:140)
	at org.springframework.web.filter.RequestContextFilter.doFilterInternal(RequestContextFilter.java:100)
	at org.springframework.web.filter.OncePerRequestFilter.doFilter(OncePerRequestFilter.java:116)
	at org.apache.catalina.core.ApplicationFilterChain.internalDoFilter(ApplicationFilterChain.java:164)
	at org.apache.catalina.core.ApplicationFilterChain.doFilter(ApplicationFilterChain.java:140)
	at org.springframework.web.filter.FormContentFilter.doFilterInternal(FormContentFilter.java:93)
	at org.springframework.web.filter.OncePerRequestFilter.doFilter(OncePerRequestFilter.java:116)
	at org.apache.catalina.core.ApplicationFilterChain.internalDoFilter(ApplicationFilterChain.java:164)
	at org.apache.catalina.core.ApplicationFilterChain.doFilter(ApplicationFilterChain.java:140)
	at org.springframework.web.filter.ServerHttpObservationFilter.doFilterInternal(ServerHttpObservationFilter.java:110)
	at org.springframework.web.filter.OncePerRequestFilter.doFilter(OncePerRequestFilter.java:116)
	at org.apache.catalina.core.ApplicationFilterChain.internalDoFilter(ApplicationFilterChain.java:164)
	at org.apache.catalina.core.ApplicationFilterChain.doFilter(ApplicationFilterChain.java:140)
	at org.springframework.web.filter.CharacterEncodingFilter.doFilterInternal(CharacterEncodingFilter.java:201)
	at org.springframework.web.filter.OncePerRequestFilter.doFilter(OncePerRequestFilter.java:116)
	at org.apache.catalina.core.ApplicationFilterChain.internalDoFilter(ApplicationFilterChain.java:164)
	at org.apache.catalina.core.ApplicationFilterChain.doFilter(ApplicationFilterChain.java:140)
	at org.apache.catalina.core.StandardWrapperValve.invoke(StandardWrapperValve.java:167)
	at org.apache.catalina.core.StandardContextValve.invoke(StandardContextValve.java:90)
	at org.apache.catalina.authenticator.AuthenticatorBase.invoke(AuthenticatorBase.java:483)
	at org.apache.catalina.core.StandardHostValve.invoke(StandardHostValve.java:116)
	at org.apache.catalina.valves.ErrorReportValve.invoke(ErrorReportValve.java:93)
	at org.apache.catalina.core.StandardEngineValve.invoke(StandardEngineValve.java:74)
	at org.apache.catalina.connector.CoyoteAdapter.service(CoyoteAdapter.java:344)
	at org.apache.coyote.http11.Http11Processor.service(Http11Processor.java:398)
	at org.apache.coyote.AbstractProcessorLight.process(AbstractProcessorLight.java:63)
	at org.apache.coyote.AbstractProtocol$ConnectionHandler.process(AbstractProtocol.java:903)
	at org.apache.tomcat.util.net.NioEndpoint$SocketProcessor.doRun(NioEndpoint.java:1769)
	at org.apache.tomcat.util.net.SocketProcessorBase.run(SocketProcessorBase.java:52)
	at org.apache.tomcat.util.threads.ThreadPoolExecutor.runWorker(ThreadPoolExecutor.java:1189)
	at org.apache.tomcat.util.threads.ThreadPoolExecutor$Worker.run(ThreadPoolExecutor.java:658)
	at org.apache.tomcat.util.threads.TaskThread$WrappingRunnable.run(TaskThread.java:63)
	at java.base/java.lang.Thread.run(Thread.java:840)
2026-08-20 13:07:59 [D15C5A91] [c7edbe36-ec01-439b-9308-6e5fa8009ed5] [GET /api/v1/transport-module/fee-reports/createRoute] [http-nio-8071-exec-8] INFO  c.s.t.interceptor.LoggingInterceptor - Request completed: GET /api/v1/transport-module/fee-reports/createRoute | Status: 500 | logId: D15C5A91 | requestId: c7edbe36-ec01-439b-9308-6e5fa8009ed5
2026-08-20 13:09:07 [] [] [] [http-nio-8071-exec-10] INFO  c.s.transport.config.TenantFilter - 🔍 Decoded JWT Claims: {name=NUCLEUS (ANILYAGIK), userType=COADMIN, userId=3484, email=nucleus1@siper.ac.in, sub=nucleus1@siper.ac.in, iat=1786623732, exp=1786624632}
2026-08-20 13:09:07 [] [] [] [http-nio-8071-exec-10] WARN  c.s.transport.config.TenantFilter - ⚠️ No 'schema' or 'tenant' claim found in JWT payload
2026-08-20 13:09:07 [] [] [] [http-nio-8071-exec-10] WARN  c.s.transport.config.TenantFilter - ⚠️ No schema resolved from JWT or X-Schema header; using default tenant
2026-08-20 13:09:07 [FFA9EA8F] [] [] [http-nio-8071-exec-10] ERROR c.s.t.e.GlobalExceptionHandler - logId: FFA9EA8F - Unexpected error: 
org.springframework.web.HttpRequestMethodNotSupportedException: Request method 'GET' is not supported
	at org.springframework.web.servlet.mvc.method.RequestMappingInfoHandlerMapping.handleNoMatch(RequestMappingInfoHandlerMapping.java:267)
	at org.springframework.web.servlet.handler.AbstractHandlerMethodMapping.lookupHandlerMethod(AbstractHandlerMethodMapping.java:441)
	at org.springframework.web.servlet.handler.AbstractHandlerMethodMapping.getHandlerInternal(AbstractHandlerMethodMapping.java:382)
	at org.springframework.web.servlet.mvc.method.RequestMappingInfoHandlerMapping.getHandlerInternal(RequestMappingInfoHandlerMapping.java:127)
	at org.springframework.web.servlet.mvc.method.RequestMappingInfoHandlerMapping.getHandlerInternal(RequestMappingInfoHandlerMapping.java:68)
	at org.springframework.web.servlet.handler.AbstractHandlerMapping.getHandler(AbstractHandlerMapping.java:509)
	at org.springframework.web.servlet.DispatcherServlet.getHandler(DispatcherServlet.java:1284)
	at org.springframework.web.servlet.DispatcherServlet.doDispatch(DispatcherServlet.java:1065)
	at org.springframework.web.servlet.DispatcherServlet.doService(DispatcherServlet.java:979)
	at org.springframework.web.servlet.FrameworkServlet.processRequest(FrameworkServlet.java:1014)
	at org.springframework.web.servlet.FrameworkServlet.doGet(FrameworkServlet.java:903)
	at jakarta.servlet.http.HttpServlet.service(HttpServlet.java:564)
	at org.springframework.web.servlet.FrameworkServlet.service(FrameworkServlet.java:885)
	at jakarta.servlet.http.HttpServlet.service(HttpServlet.java:658)
	at org.apache.catalina.core.ApplicationFilterChain.internalDoFilter(ApplicationFilterChain.java:195)
	at org.apache.catalina.core.ApplicationFilterChain.doFilter(ApplicationFilterChain.java:140)
	at org.apache.tomcat.websocket.server.WsFilter.doFilter(WsFilter.java:51)
	at org.apache.catalina.core.ApplicationFilterChain.internalDoFilter(ApplicationFilterChain.java:164)
	at org.apache.catalina.core.ApplicationFilterChain.doFilter(ApplicationFilterChain.java:140)
	at com.schoolerp.transport.config.TenantFilter.doFilterInternal(TenantFilter.java:111)
	at org.springframework.web.filter.OncePerRequestFilter.doFilter(OncePerRequestFilter.java:116)
	at org.apache.catalina.core.ApplicationFilterChain.internalDoFilter(ApplicationFilterChain.java:164)
	at org.apache.catalina.core.ApplicationFilterChain.doFilter(ApplicationFilterChain.java:140)
	at com.schoolerp.transport.config.JwtExtractionFilter.doFilter(JwtExtractionFilter.java:56)
	at org.apache.catalina.core.ApplicationFilterChain.internalDoFilter(ApplicationFilterChain.java:164)
	at org.apache.catalina.core.ApplicationFilterChain.doFilter(ApplicationFilterChain.java:140)
	at org.springframework.web.filter.RequestContextFilter.doFilterInternal(RequestContextFilter.java:100)
	at org.springframework.web.filter.OncePerRequestFilter.doFilter(OncePerRequestFilter.java:116)
	at org.apache.catalina.core.ApplicationFilterChain.internalDoFilter(ApplicationFilterChain.java:164)
	at org.apache.catalina.core.ApplicationFilterChain.doFilter(ApplicationFilterChain.java:140)
	at org.springframework.web.filter.FormContentFilter.doFilterInternal(FormContentFilter.java:93)
	at org.springframework.web.filter.OncePerRequestFilter.doFilter(OncePerRequestFilter.java:116)
	at org.apache.catalina.core.ApplicationFilterChain.internalDoFilter(ApplicationFilterChain.java:164)
	at org.apache.catalina.core.ApplicationFilterChain.doFilter(ApplicationFilterChain.java:140)
	at org.springframework.web.filter.ServerHttpObservationFilter.doFilterInternal(ServerHttpObservationFilter.java:110)
	at org.springframework.web.filter.OncePerRequestFilter.doFilter(OncePerRequestFilter.java:116)
	at org.apache.catalina.core.ApplicationFilterChain.internalDoFilter(ApplicationFilterChain.java:164)
	at org.apache.catalina.core.ApplicationFilterChain.doFilter(ApplicationFilterChain.java:140)
	at org.springframework.web.filter.CharacterEncodingFilter.doFilterInternal(CharacterEncodingFilter.java:201)
	at org.springframework.web.filter.OncePerRequestFilter.doFilter(OncePerRequestFilter.java:116)
	at org.apache.catalina.core.ApplicationFilterChain.internalDoFilter(ApplicationFilterChain.java:164)
	at org.apache.catalina.core.ApplicationFilterChain.doFilter(ApplicationFilterChain.java:140)
	at org.apache.catalina.core.StandardWrapperValve.invoke(StandardWrapperValve.java:167)
	at org.apache.catalina.core.StandardContextValve.invoke(StandardContextValve.java:90)
	at org.apache.catalina.authenticator.AuthenticatorBase.invoke(AuthenticatorBase.java:483)
	at org.apache.catalina.core.StandardHostValve.invoke(StandardHostValve.java:116)
	at org.apache.catalina.valves.ErrorReportValve.invoke(ErrorReportValve.java:93)
	at org.apache.catalina.core.StandardEngineValve.invoke(StandardEngineValve.java:74)
	at org.apache.catalina.connector.CoyoteAdapter.service(CoyoteAdapter.java:344)
	at org.apache.coyote.http11.Http11Processor.service(Http11Processor.java:398)
	at org.apache.coyote.AbstractProcessorLight.process(AbstractProcessorLight.java:63)
	at org.apache.coyote.AbstractProtocol$ConnectionHandler.process(AbstractProtocol.java:903)
	at org.apache.tomcat.util.net.NioEndpoint$SocketProcessor.doRun(NioEndpoint.java:1769)
	at org.apache.tomcat.util.net.SocketProcessorBase.run(SocketProcessorBase.java:52)
	at org.apache.tomcat.util.threads.ThreadPoolExecutor.runWorker(ThreadPoolExecutor.java:1189)
	at org.apache.tomcat.util.threads.ThreadPoolExecutor$Worker.run(ThreadPoolExecutor.java:658)
	at org.apache.tomcat.util.threads.TaskThread$WrappingRunnable.run(TaskThread.java:63)
	at java.base/java.lang.Thread.run(Thread.java:840)
2026-08-20 13:09:49 [] [] [] [http-nio-8071-exec-6] INFO  c.s.transport.config.TenantFilter - 🔍 Decoded JWT Claims: {name=NUCLEUS (ANILYAGIK), userType=COADMIN, userId=3484, email=nucleus1@siper.ac.in, sub=nucleus1@siper.ac.in, iat=1786623732, exp=1786624632}
2026-08-20 13:09:49 [] [] [] [http-nio-8071-exec-6] WARN  c.s.transport.config.TenantFilter - ⚠️ No 'schema' or 'tenant' claim found in JWT payload
2026-08-20 13:09:49 [] [] [] [http-nio-8071-exec-6] WARN  c.s.transport.config.TenantFilter - ⚠️ No schema resolved from JWT or X-Schema header; using default tenant
2026-08-20 13:09:49 [C1E3D998] [94b2fc9d-acc2-407e-ad74-d373852247f5] [POST /api/v1/transport-module/routes/createRoute] [http-nio-8071-exec-6] INFO  c.s.t.interceptor.LoggingInterceptor - Incoming request: POST /api/v1/transport-module/routes/createRoute | logId: C1E3D998 | requestId: 94b2fc9d-acc2-407e-ad74-d373852247f5
2026-08-20 13:10:01 [C1E3D998] [94b2fc9d-acc2-407e-ad74-d373852247f5] [POST /api/v1/transport-module/routes/createRoute] [http-nio-8071-exec-6] INFO  c.s.t.interceptor.LoggingInterceptor - Request completed: POST /api/v1/transport-module/routes/createRoute | Status: 200 | logId: C1E3D998 | requestId: 94b2fc9d-acc2-407e-ad74-d373852247f5
2026-08-20 13:11:46 [] [] [] [http-nio-8071-exec-7] INFO  c.s.transport.config.TenantFilter - 🔍 Decoded JWT Claims: {name=NUCLEUS (ANILYAGIK), userType=COADMIN, userId=3484, email=nucleus1@siper.ac.in, sub=nucleus1@siper.ac.in, iat=1786623732, exp=1786624632}
2026-08-20 13:11:47 [] [] [] [http-nio-8071-exec-7] WARN  c.s.transport.config.TenantFilter - ⚠️ No 'schema' or 'tenant' claim found in JWT payload
2026-08-20 13:11:47 [] [] [] [http-nio-8071-exec-7] WARN  c.s.transport.config.TenantFilter - ⚠️ No schema resolved from JWT or X-Schema header; using default tenant
2026-08-20 13:11:47 [9DC50631] [19b5eed3-1078-41f5-9213-30f057d5703a] [POST /api/v1/transport-module/route-stops/createStop] [http-nio-8071-exec-7] INFO  c.s.t.interceptor.LoggingInterceptor - Incoming request: POST /api/v1/transport-module/route-stops/createStop | logId: 9DC50631 | requestId: 19b5eed3-1078-41f5-9213-30f057d5703a
2026-08-20 13:11:49 [9DC50631] [19b5eed3-1078-41f5-9213-30f057d5703a] [POST /api/v1/transport-module/route-stops/createStop] [http-nio-8071-exec-7] INFO  c.s.t.interceptor.LoggingInterceptor - Request completed: POST /api/v1/transport-module/route-stops/createStop | Status: 200 | logId: 9DC50631 | requestId: 19b5eed3-1078-41f5-9213-30f057d5703a
2026-08-20 13:12:16 [] [] [] [http-nio-8071-exec-4] INFO  c.s.transport.config.TenantFilter - 🔍 Decoded JWT Claims: {name=NUCLEUS (ANILYAGIK), userType=COADMIN, userId=3484, email=nucleus1@siper.ac.in, sub=nucleus1@siper.ac.in, iat=1786623732, exp=1786624632}
2026-08-20 13:12:16 [] [] [] [http-nio-8071-exec-4] WARN  c.s.transport.config.TenantFilter - ⚠️ No 'schema' or 'tenant' claim found in JWT payload
2026-08-20 13:12:16 [] [] [] [http-nio-8071-exec-4] WARN  c.s.transport.config.TenantFilter - ⚠️ No schema resolved from JWT or X-Schema header; using default tenant
2026-08-20 13:12:16 [EACA7095] [a093c01f-bf11-4a2d-9128-53bc65312ec4] [POST /api/v1/transport-module/route-stops/createStop] [http-nio-8071-exec-4] INFO  c.s.t.interceptor.LoggingInterceptor - Incoming request: POST /api/v1/transport-module/route-stops/createStop | logId: EACA7095 | requestId: a093c01f-bf11-4a2d-9128-53bc65312ec4
2026-08-20 13:12:16 [EACA7095] [a093c01f-bf11-4a2d-9128-53bc65312ec4] [POST /api/v1/transport-module/route-stops/createStop] [http-nio-8071-exec-4] INFO  c.s.t.interceptor.LoggingInterceptor - Request completed: POST /api/v1/transport-module/route-stops/createStop | Status: 200 | logId: EACA7095 | requestId: a093c01f-bf11-4a2d-9128-53bc65312ec4
2026-08-20 13:12:31 [] [] [] [http-nio-8071-exec-5] INFO  c.s.transport.config.TenantFilter - 🔍 Decoded JWT Claims: {name=NUCLEUS (ANILYAGIK), userType=COADMIN, userId=3484, email=nucleus1@siper.ac.in, sub=nucleus1@siper.ac.in, iat=1786623732, exp=1786624632}
2026-08-20 13:12:31 [] [] [] [http-nio-8071-exec-5] WARN  c.s.transport.config.TenantFilter - ⚠️ No 'schema' or 'tenant' claim found in JWT payload
2026-08-20 13:12:31 [] [] [] [http-nio-8071-exec-5] WARN  c.s.transport.config.TenantFilter - ⚠️ No schema resolved from JWT or X-Schema header; using default tenant
2026-08-20 13:12:31 [392DC4CE] [e09e6871-b783-42c4-ae86-6676eb36dbd4] [POST /api/v1/transport-module/route-stops/createStop] [http-nio-8071-exec-5] INFO  c.s.t.interceptor.LoggingInterceptor - Incoming request: POST /api/v1/transport-module/route-stops/createStop | logId: 392DC4CE | requestId: e09e6871-b783-42c4-ae86-6676eb36dbd4
2026-08-20 13:12:32 [392DC4CE] [e09e6871-b783-42c4-ae86-6676eb36dbd4] [POST /api/v1/transport-module/route-stops/createStop] [http-nio-8071-exec-5] INFO  c.s.t.interceptor.LoggingInterceptor - Request completed: POST /api/v1/transport-module/route-stops/createStop | Status: 200 | logId: 392DC4CE | requestId: e09e6871-b783-42c4-ae86-6676eb36dbd4
2026-08-20 13:15:45 [] [] [] [SpringApplicationShutdownHook] INFO  o.s.c.n.e.s.EurekaServiceRegistry - Unregistering application TRANSPORTSERVICE with eureka with status DOWN
2026-08-20 13:15:46 [] [] [] [SpringApplicationShutdownHook] INFO  o.s.b.w.e.tomcat.GracefulShutdown - Commencing graceful shutdown. Waiting for active requests to complete
2026-08-20 13:15:46 [] [] [] [tomcat-shutdown] INFO  o.s.b.w.e.tomcat.GracefulShutdown - Graceful shutdown complete
2026-08-20 13:15:46 [] [] [] [SpringApplicationShutdownHook] INFO  o.s.o.j.LocalContainerEntityManagerFactoryBean - Closing JPA EntityManagerFactory for persistence unit 'default'
2026-08-20 13:15:46 [] [] [] [SpringApplicationShutdownHook] INFO  com.zaxxer.hikari.HikariDataSource - HikariPool-1 - Shutdown initiated...
2026-08-20 13:15:46 [] [] [] [SpringApplicationShutdownHook] INFO  com.zaxxer.hikari.HikariDataSource - HikariPool-1 - Shutdown completed.
2026-08-20 13:15:46 [] [] [] [SpringApplicationShutdownHook] INFO  c.netflix.discovery.DiscoveryClient - Shutting down DiscoveryClient ...
2026-08-20 13:15:46 [] [] [] [SpringApplicationShutdownHook] INFO  c.netflix.discovery.DiscoveryClient - Completed shut down of DiscoveryClient
2026-08-20 13:42:40 [] [] [] [main] INFO  c.s.t.TransportServiceApplication - Starting TransportServiceApplication using Java 17.0.16 with PID 23052 (D:\RMSC Code\Transport-Service\target\classes started by conte in D:\SERp\git code staff\Academic-Module)
2026-08-20 13:42:40 [] [] [] [main] INFO  c.s.t.TransportServiceApplication - No active profile set, falling back to 1 default profile: "default"
2026-08-20 13:42:48 [] [] [] [main] INFO  o.s.d.r.c.RepositoryConfigurationDelegate - Bootstrapping Spring Data JPA repositories in DEFAULT mode.
2026-08-20 13:42:50 [] [] [] [main] INFO  o.s.d.r.c.RepositoryConfigurationDelegate - Finished Spring Data repository scanning in 1328 ms. Found 19 JPA repository interfaces.
2026-08-20 13:42:51 [] [] [] [main] INFO  o.s.cloud.context.scope.GenericScope - BeanFactory id=18cf57fc-78bb-3ee5-9577-9a6a9b004e35
2026-08-20 13:42:55 [] [] [] [main] INFO  o.s.b.w.e.tomcat.TomcatWebServer - Tomcat initialized with port 8071 (http)
2026-08-20 13:42:55 [] [] [] [main] INFO  o.a.catalina.core.StandardService - Starting service [Tomcat]
2026-08-20 13:42:55 [] [] [] [main] INFO  o.a.catalina.core.StandardEngine - Starting Servlet engine: [Apache Tomcat/10.1.44]
2026-08-20 13:42:55 [] [] [] [main] INFO  o.a.c.c.C.[Tomcat].[localhost].[/] - Initializing Spring embedded WebApplicationContext
2026-08-20 13:42:55 [] [] [] [main] INFO  o.s.b.w.s.c.ServletWebServerApplicationContext - Root WebApplicationContext: initialization completed in 15124 ms
2026-08-20 13:42:56 [] [] [] [main] INFO  o.h.jpa.internal.util.LogHelper - HHH000204: Processing PersistenceUnitInfo [name: default]
2026-08-20 13:42:56 [] [] [] [main] INFO  org.hibernate.Version - HHH000412: Hibernate ORM core version 6.6.26.Final
2026-08-20 13:42:57 [] [] [] [main] INFO  o.h.c.i.RegionFactoryInitiator - HHH000026: Second-level cache disabled
2026-08-20 13:42:59 [] [] [] [main] INFO  o.s.o.j.p.SpringPersistenceUnitInfo - No LoadTimeWeaver setup: ignoring JPA class transformer
2026-08-20 13:42:59 [] [] [] [main] INFO  com.zaxxer.hikari.HikariDataSource - HikariPool-1 - Starting...
2026-08-20 13:43:00 [] [] [] [main] INFO  com.zaxxer.hikari.pool.HikariPool - HikariPool-1 - Added connection com.mysql.cj.jdbc.ConnectionImpl@3d12f065
2026-08-20 13:43:00 [] [] [] [main] INFO  com.zaxxer.hikari.HikariDataSource - HikariPool-1 - Start completed.
2026-08-20 13:43:00 [] [] [] [main] WARN  org.hibernate.orm.deprecation - HHH90000025: MySQL8Dialect does not need to be specified explicitly using 'hibernate.dialect' (remove the property setting and it will be selected by default)
2026-08-20 13:43:00 [] [] [] [main] WARN  org.hibernate.orm.deprecation - HHH90000026: MySQL8Dialect has been deprecated; use org.hibernate.dialect.MySQLDialect instead
2026-08-20 13:43:00 [] [] [] [main] INFO  o.hibernate.orm.connections.pooling - HHH10001005: Database info:
	Database JDBC URL [undefined/unknown]
	Database driver: undefined/unknown
	Database version: 8.0
	Autocommit mode: undefined/unknown
	Isolation level: undefined/unknown
	Minimum pool size: undefined/unknown
	Maximum pool size: undefined/unknown
2026-08-20 13:43:10 [] [] [] [main] INFO  o.h.e.t.j.p.i.JtaPlatformInitiator - HHH000489: No JTA platform available (set 'hibernate.transaction.jta.platform' to enable JTA platform integration)
2026-08-20 13:43:12 [] [] [] [main] INFO  o.s.o.j.LocalContainerEntityManagerFactoryBean - Initialized JPA EntityManagerFactory for persistence unit 'default'
2026-08-20 13:43:14 [] [] [] [main] INFO  o.s.d.j.r.query.QueryEnhancerFactory - Hibernate is in classpath; If applicable, HQL parser will be used.
2026-08-20 13:43:30 [] [] [] [main] WARN  o.s.b.a.o.j.JpaBaseConfiguration$JpaWebConfiguration - spring.jpa.open-in-view is enabled by default. Therefore, database queries may be performed during view rendering. Explicitly configure spring.jpa.open-in-view to disable this warning
2026-08-20 13:43:36 [] [] [] [main] INFO  o.s.c.n.e.c.DiscoveryClientOptionalArgsConfiguration - Eureka HTTP Client uses RestTemplate.
2026-08-20 13:43:36 [] [] [] [main] WARN  o.s.c.l.c.LoadBalancerCacheAutoConfiguration$LoadBalancerCaffeineWarnLogger - Spring Cloud LoadBalancer is currently working with the default cache. While this cache implementation is useful for development and tests, it's recommended to use Caffeine cache in production.You can switch to using Caffeine cache, by adding it and org.springframework.cache.caffeine.CaffeineCacheManager to the classpath.
2026-08-20 13:43:36 [] [] [] [main] INFO  o.s.b.a.e.web.EndpointLinksResolver - Exposing 3 endpoints beneath base path '/actuator'
2026-08-20 13:43:37 [] [] [] [main] INFO  o.s.c.n.eureka.InstanceInfoFactory - Setting initial instance status as: STARTING
2026-08-20 13:43:37 [] [] [] [main] INFO  c.netflix.discovery.DiscoveryClient - Initializing Eureka in region us-east-1
2026-08-20 13:43:37 [] [] [] [main] INFO  c.netflix.discovery.DiscoveryClient - Client configured to neither register nor query for data.
2026-08-20 13:43:37 [] [] [] [main] INFO  c.netflix.discovery.DiscoveryClient - Discovery Client initialized at timestamp 1787213617528 with initial instances count: 0
2026-08-20 13:43:37 [] [] [] [main] INFO  o.s.c.n.e.s.EurekaServiceRegistry - Registering application TRANSPORTSERVICE with eureka with status UP
2026-08-20 13:43:37 [] [] [] [main] INFO  o.s.b.w.e.tomcat.TomcatWebServer - Tomcat started on port 8071 (http) with context path '/'
2026-08-20 13:43:37 [] [] [] [main] INFO  o.s.c.n.e.s.EurekaAutoServiceRegistration - Updating port to 8071
2026-08-20 13:43:38 [] [] [] [main] INFO  c.s.t.TransportServiceApplication - Started TransportServiceApplication in 63.194 seconds (process running for 68.696)
2026-08-20 15:00:38 [] [] [] [HikariPool-1:housekeeper] WARN  com.zaxxer.hikari.pool.HikariPool - HikariPool-1 - Thread starvation or clock leap detected (housekeeper delta=1m6s604ms486µs700ns).
2026-08-20 15:00:39 [] [] [] [HikariPool-1:housekeeper] WARN  com.zaxxer.hikari.pool.PoolBase - HikariPool-1 - Failed to validate connection com.mysql.cj.jdbc.ConnectionImpl@34506d99 (No operations allowed after connection closed.). Possibly consider using a shorter maxLifetime value.
2026-08-20 15:00:39 [] [] [] [HikariPool-1:housekeeper] WARN  com.zaxxer.hikari.pool.PoolBase - HikariPool-1 - Failed to validate connection com.mysql.cj.jdbc.ConnectionImpl@5c4ede8d (No operations allowed after connection closed.). Possibly consider using a shorter maxLifetime value.
2026-08-20 15:00:40 [] [] [] [HikariPool-1:housekeeper] WARN  com.zaxxer.hikari.pool.PoolBase - HikariPool-1 - Failed to validate connection com.mysql.cj.jdbc.ConnectionImpl@61fd01b0 (No operations allowed after connection closed.). Possibly consider using a shorter maxLifetime value.
2026-08-20 15:00:45 [] [] [] [HikariPool-1:housekeeper] WARN  com.zaxxer.hikari.pool.PoolBase - HikariPool-1 - Failed to validate connection com.mysql.cj.jdbc.ConnectionImpl@567694b3 (No operations allowed after connection closed.). Possibly consider using a shorter maxLifetime value.
2026-08-20 15:00:49 [] [] [] [HikariPool-1:housekeeper] WARN  com.zaxxer.hikari.pool.PoolBase - HikariPool-1 - Failed to validate connection com.mysql.cj.jdbc.ConnectionImpl@37ff015a (No operations allowed after connection closed.). Possibly consider using a shorter maxLifetime value.
2026-08-20 15:01:07 [] [] [] [HikariPool-1:housekeeper] WARN  com.zaxxer.hikari.pool.PoolBase - HikariPool-1 - Failed to validate connection com.mysql.cj.jdbc.ConnectionImpl@14966912 (No operations allowed after connection closed.). Possibly consider using a shorter maxLifetime value.
2026-08-20 15:01:25 [] [] [] [HikariPool-1:housekeeper] WARN  com.zaxxer.hikari.pool.PoolBase - HikariPool-1 - Failed to validate connection com.mysql.cj.jdbc.ConnectionImpl@7627a43f (No operations allowed after connection closed.). Possibly consider using a shorter maxLifetime value.
2026-08-20 15:01:25 [] [] [] [HikariPool-1:housekeeper] WARN  com.zaxxer.hikari.pool.PoolBase - HikariPool-1 - Failed to validate connection com.mysql.cj.jdbc.ConnectionImpl@5ccb5136 (No operations allowed after connection closed.). Possibly consider using a shorter maxLifetime value.
2026-08-20 15:01:27 [] [] [] [HikariPool-1:housekeeper] WARN  com.zaxxer.hikari.pool.PoolBase - HikariPool-1 - Failed to validate connection com.mysql.cj.jdbc.ConnectionImpl@7b326d44 (No operations allowed after connection closed.). Possibly consider using a shorter maxLifetime value.
2026-08-20 15:09:12 [] [] [] [http-nio-8071-exec-1] INFO  o.a.c.c.C.[Tomcat].[localhost].[/] - Initializing Spring DispatcherServlet 'dispatcherServlet'
2026-08-20 15:09:12 [] [] [] [http-nio-8071-exec-1] INFO  o.s.web.servlet.DispatcherServlet - Initializing Servlet 'dispatcherServlet'
2026-08-20 15:09:13 [] [] [] [http-nio-8071-exec-1] INFO  o.s.web.servlet.DispatcherServlet - Completed initialization in 362 ms
2026-08-20 15:09:15 [] [] [] [http-nio-8071-exec-1] INFO  c.s.transport.config.TenantFilter - 🔍 Decoded JWT Claims: {sub=15, jti=75343a78-9ff1-46d3-90af-33ca6994ccaf, iat=1787211574, exp=1787213374, type=access, userId=15, userName=abarmate23@gmail.com, hotelId=2, hotelName=Holiday Inn, licenseStatus=ACTIVE, email=abarmate23@gmail.com, authorities=[ROLE_USER]}
2026-08-20 15:09:15 [] [] [] [http-nio-8071-exec-1] WARN  c.s.transport.config.TenantFilter - ⚠️ No 'schema' or 'tenant' claim found in JWT payload
2026-08-20 15:09:15 [] [] [] [http-nio-8071-exec-1] WARN  c.s.transport.config.TenantFilter - ⚠️ No schema resolved from JWT or X-Schema header; using default tenant
2026-08-20 15:09:16 [2B11085F] [] [] [http-nio-8071-exec-1] ERROR c.s.t.e.GlobalExceptionHandler - logId: 2B11085F - Unexpected error: 
org.springframework.web.HttpRequestMethodNotSupportedException: Request method 'GET' is not supported
	at org.springframework.web.servlet.mvc.method.RequestMappingInfoHandlerMapping.handleNoMatch(RequestMappingInfoHandlerMapping.java:267)
	at org.springframework.web.servlet.handler.AbstractHandlerMethodMapping.lookupHandlerMethod(AbstractHandlerMethodMapping.java:441)
	at org.springframework.web.servlet.handler.AbstractHandlerMethodMapping.getHandlerInternal(AbstractHandlerMethodMapping.java:382)
	at org.springframework.web.servlet.mvc.method.RequestMappingInfoHandlerMapping.getHandlerInternal(RequestMappingInfoHandlerMapping.java:127)
	at org.springframework.web.servlet.mvc.method.RequestMappingInfoHandlerMapping.getHandlerInternal(RequestMappingInfoHandlerMapping.java:68)
	at org.springframework.web.servlet.handler.AbstractHandlerMapping.getHandler(AbstractHandlerMapping.java:509)
	at org.springframework.web.servlet.DispatcherServlet.getHandler(DispatcherServlet.java:1284)
	at org.springframework.web.servlet.DispatcherServlet.doDispatch(DispatcherServlet.java:1065)
	at org.springframework.web.servlet.DispatcherServlet.doService(DispatcherServlet.java:979)
	at org.springframework.web.servlet.FrameworkServlet.processRequest(FrameworkServlet.java:1014)
	at org.springframework.web.servlet.FrameworkServlet.doGet(FrameworkServlet.java:903)
	at jakarta.servlet.http.HttpServlet.service(HttpServlet.java:564)
	at org.springframework.web.servlet.FrameworkServlet.service(FrameworkServlet.java:885)
	at jakarta.servlet.http.HttpServlet.service(HttpServlet.java:658)
	at org.apache.catalina.core.ApplicationFilterChain.internalDoFilter(ApplicationFilterChain.java:195)
	at org.apache.catalina.core.ApplicationFilterChain.doFilter(ApplicationFilterChain.java:140)
	at org.apache.tomcat.websocket.server.WsFilter.doFilter(WsFilter.java:51)
	at org.apache.catalina.core.ApplicationFilterChain.internalDoFilter(ApplicationFilterChain.java:164)
	at org.apache.catalina.core.ApplicationFilterChain.doFilter(ApplicationFilterChain.java:140)
	at com.schoolerp.transport.config.TenantFilter.doFilterInternal(TenantFilter.java:111)
	at org.springframework.web.filter.OncePerRequestFilter.doFilter(OncePerRequestFilter.java:116)
	at org.apache.catalina.core.ApplicationFilterChain.internalDoFilter(ApplicationFilterChain.java:164)
	at org.apache.catalina.core.ApplicationFilterChain.doFilter(ApplicationFilterChain.java:140)
	at com.schoolerp.transport.config.JwtExtractionFilter.doFilter(JwtExtractionFilter.java:56)
	at org.apache.catalina.core.ApplicationFilterChain.internalDoFilter(ApplicationFilterChain.java:164)
	at org.apache.catalina.core.ApplicationFilterChain.doFilter(ApplicationFilterChain.java:140)
	at org.springframework.web.filter.RequestContextFilter.doFilterInternal(RequestContextFilter.java:100)
	at org.springframework.web.filter.OncePerRequestFilter.doFilter(OncePerRequestFilter.java:116)
	at org.apache.catalina.core.ApplicationFilterChain.internalDoFilter(ApplicationFilterChain.java:164)
	at org.apache.catalina.core.ApplicationFilterChain.doFilter(ApplicationFilterChain.java:140)
	at org.springframework.web.filter.FormContentFilter.doFilterInternal(FormContentFilter.java:93)
	at org.springframework.web.filter.OncePerRequestFilter.doFilter(OncePerRequestFilter.java:116)
	at org.apache.catalina.core.ApplicationFilterChain.internalDoFilter(ApplicationFilterChain.java:164)
	at org.apache.catalina.core.ApplicationFilterChain.doFilter(ApplicationFilterChain.java:140)
	at org.springframework.web.filter.ServerHttpObservationFilter.doFilterInternal(ServerHttpObservationFilter.java:110)
	at org.springframework.web.filter.OncePerRequestFilter.doFilter(OncePerRequestFilter.java:116)
	at org.apache.catalina.core.ApplicationFilterChain.internalDoFilter(ApplicationFilterChain.java:164)
	at org.apache.catalina.core.ApplicationFilterChain.doFilter(ApplicationFilterChain.java:140)
	at org.springframework.web.filter.CharacterEncodingFilter.doFilterInternal(CharacterEncodingFilter.java:201)
	at org.springframework.web.filter.OncePerRequestFilter.doFilter(OncePerRequestFilter.java:116)
	at org.apache.catalina.core.ApplicationFilterChain.internalDoFilter(ApplicationFilterChain.java:164)
	at org.apache.catalina.core.ApplicationFilterChain.doFilter(ApplicationFilterChain.java:140)
	at org.apache.catalina.core.StandardWrapperValve.invoke(StandardWrapperValve.java:167)
	at org.apache.catalina.core.StandardContextValve.invoke(StandardContextValve.java:90)
	at org.apache.catalina.authenticator.AuthenticatorBase.invoke(AuthenticatorBase.java:483)
	at org.apache.catalina.core.StandardHostValve.invoke(StandardHostValve.java:116)
	at org.apache.catalina.valves.ErrorReportValve.invoke(ErrorReportValve.java:93)
	at org.apache.catalina.core.StandardEngineValve.invoke(StandardEngineValve.java:74)
	at org.apache.catalina.connector.CoyoteAdapter.service(CoyoteAdapter.java:344)
	at org.apache.coyote.http11.Http11Processor.service(Http11Processor.java:398)
	at org.apache.coyote.AbstractProcessorLight.process(AbstractProcessorLight.java:63)
	at org.apache.coyote.AbstractProtocol$ConnectionHandler.process(AbstractProtocol.java:903)
	at org.apache.tomcat.util.net.NioEndpoint$SocketProcessor.doRun(NioEndpoint.java:1769)
	at org.apache.tomcat.util.net.SocketProcessorBase.run(SocketProcessorBase.java:52)
	at org.apache.tomcat.util.threads.ThreadPoolExecutor.runWorker(ThreadPoolExecutor.java:1189)
	at org.apache.tomcat.util.threads.ThreadPoolExecutor$Worker.run(ThreadPoolExecutor.java:658)
	at org.apache.tomcat.util.threads.TaskThread$WrappingRunnable.run(TaskThread.java:63)
	at java.base/java.lang.Thread.run(Thread.java:840)
2026-08-20 15:09:38 [] [] [] [http-nio-8071-exec-4] INFO  c.s.transport.config.TenantFilter - 🔍 Decoded JWT Claims: {sub=15, jti=75343a78-9ff1-46d3-90af-33ca6994ccaf, iat=1787211574, exp=1787213374, type=access, userId=15, userName=abarmate23@gmail.com, hotelId=2, hotelName=Holiday Inn, licenseStatus=ACTIVE, email=abarmate23@gmail.com, authorities=[ROLE_USER]}
2026-08-20 15:09:38 [] [] [] [http-nio-8071-exec-4] WARN  c.s.transport.config.TenantFilter - ⚠️ No 'schema' or 'tenant' claim found in JWT payload
2026-08-20 15:09:38 [] [] [] [http-nio-8071-exec-4] WARN  c.s.transport.config.TenantFilter - ⚠️ No schema resolved from JWT or X-Schema header; using default tenant
2026-08-20 15:09:38 [D4139FC7] [] [] [http-nio-8071-exec-4] ERROR c.s.t.e.GlobalExceptionHandler - logId: D4139FC7 - Unexpected error: 
org.springframework.web.HttpRequestMethodNotSupportedException: Request method 'GET' is not supported
	at org.springframework.web.servlet.mvc.method.RequestMappingInfoHandlerMapping.handleNoMatch(RequestMappingInfoHandlerMapping.java:267)
	at org.springframework.web.servlet.handler.AbstractHandlerMethodMapping.lookupHandlerMethod(AbstractHandlerMethodMapping.java:441)
	at org.springframework.web.servlet.handler.AbstractHandlerMethodMapping.getHandlerInternal(AbstractHandlerMethodMapping.java:382)
	at org.springframework.web.servlet.mvc.method.RequestMappingInfoHandlerMapping.getHandlerInternal(RequestMappingInfoHandlerMapping.java:127)
	at org.springframework.web.servlet.mvc.method.RequestMappingInfoHandlerMapping.getHandlerInternal(RequestMappingInfoHandlerMapping.java:68)
	at org.springframework.web.servlet.handler.AbstractHandlerMapping.getHandler(AbstractHandlerMapping.java:509)
	at org.springframework.web.servlet.DispatcherServlet.getHandler(DispatcherServlet.java:1284)
	at org.springframework.web.servlet.DispatcherServlet.doDispatch(DispatcherServlet.java:1065)
	at org.springframework.web.servlet.DispatcherServlet.doService(DispatcherServlet.java:979)
	at org.springframework.web.servlet.FrameworkServlet.processRequest(FrameworkServlet.java:1014)
	at org.springframework.web.servlet.FrameworkServlet.doGet(FrameworkServlet.java:903)
	at jakarta.servlet.http.HttpServlet.service(HttpServlet.java:564)
	at org.springframework.web.servlet.FrameworkServlet.service(FrameworkServlet.java:885)
	at jakarta.servlet.http.HttpServlet.service(HttpServlet.java:658)
	at org.apache.catalina.core.ApplicationFilterChain.internalDoFilter(ApplicationFilterChain.java:195)
	at org.apache.catalina.core.ApplicationFilterChain.doFilter(ApplicationFilterChain.java:140)
	at org.apache.tomcat.websocket.server.WsFilter.doFilter(WsFilter.java:51)
	at org.apache.catalina.core.ApplicationFilterChain.internalDoFilter(ApplicationFilterChain.java:164)
	at org.apache.catalina.core.ApplicationFilterChain.doFilter(ApplicationFilterChain.java:140)
	at com.schoolerp.transport.config.TenantFilter.doFilterInternal(TenantFilter.java:111)
	at org.springframework.web.filter.OncePerRequestFilter.doFilter(OncePerRequestFilter.java:116)
	at org.apache.catalina.core.ApplicationFilterChain.internalDoFilter(ApplicationFilterChain.java:164)
	at org.apache.catalina.core.ApplicationFilterChain.doFilter(ApplicationFilterChain.java:140)
	at com.schoolerp.transport.config.JwtExtractionFilter.doFilter(JwtExtractionFilter.java:56)
	at org.apache.catalina.core.ApplicationFilterChain.internalDoFilter(ApplicationFilterChain.java:164)
	at org.apache.catalina.core.ApplicationFilterChain.doFilter(ApplicationFilterChain.java:140)
	at org.springframework.web.filter.RequestContextFilter.doFilterInternal(RequestContextFilter.java:100)
	at org.springframework.web.filter.OncePerRequestFilter.doFilter(OncePerRequestFilter.java:116)
	at org.apache.catalina.core.ApplicationFilterChain.internalDoFilter(ApplicationFilterChain.java:164)
	at org.apache.catalina.core.ApplicationFilterChain.doFilter(ApplicationFilterChain.java:140)
	at org.springframework.web.filter.FormContentFilter.doFilterInternal(FormContentFilter.java:93)
	at org.springframework.web.filter.OncePerRequestFilter.doFilter(OncePerRequestFilter.java:116)
	at org.apache.catalina.core.ApplicationFilterChain.internalDoFilter(ApplicationFilterChain.java:164)
	at org.apache.catalina.core.ApplicationFilterChain.doFilter(ApplicationFilterChain.java:140)
	at org.springframework.web.filter.ServerHttpObservationFilter.doFilterInternal(ServerHttpObservationFilter.java:110)
	at org.springframework.web.filter.OncePerRequestFilter.doFilter(OncePerRequestFilter.java:116)
	at org.apache.catalina.core.ApplicationFilterChain.internalDoFilter(ApplicationFilterChain.java:164)
	at org.apache.catalina.core.ApplicationFilterChain.doFilter(ApplicationFilterChain.java:140)
	at org.springframework.web.filter.CharacterEncodingFilter.doFilterInternal(CharacterEncodingFilter.java:201)
	at org.springframework.web.filter.OncePerRequestFilter.doFilter(OncePerRequestFilter.java:116)
	at org.apache.catalina.core.ApplicationFilterChain.internalDoFilter(ApplicationFilterChain.java:164)
	at org.apache.catalina.core.ApplicationFilterChain.doFilter(ApplicationFilterChain.java:140)
	at org.apache.catalina.core.StandardWrapperValve.invoke(StandardWrapperValve.java:167)
	at org.apache.catalina.core.StandardContextValve.invoke(StandardContextValve.java:90)
	at org.apache.catalina.authenticator.AuthenticatorBase.invoke(AuthenticatorBase.java:483)
	at org.apache.catalina.core.StandardHostValve.invoke(StandardHostValve.java:116)
	at org.apache.catalina.valves.ErrorReportValve.invoke(ErrorReportValve.java:93)
	at org.apache.catalina.core.StandardEngineValve.invoke(StandardEngineValve.java:74)
	at org.apache.catalina.connector.CoyoteAdapter.service(CoyoteAdapter.java:344)
	at org.apache.coyote.http11.Http11Processor.service(Http11Processor.java:398)
	at org.apache.coyote.AbstractProcessorLight.process(AbstractProcessorLight.java:63)
	at org.apache.coyote.AbstractProtocol$ConnectionHandler.process(AbstractProtocol.java:903)
	at org.apache.tomcat.util.net.NioEndpoint$SocketProcessor.doRun(NioEndpoint.java:1769)
	at org.apache.tomcat.util.net.SocketProcessorBase.run(SocketProcessorBase.java:52)
	at org.apache.tomcat.util.threads.ThreadPoolExecutor.runWorker(ThreadPoolExecutor.java:1189)
	at org.apache.tomcat.util.threads.ThreadPoolExecutor$Worker.run(ThreadPoolExecutor.java:658)
	at org.apache.tomcat.util.threads.TaskThread$WrappingRunnable.run(TaskThread.java:63)
	at java.base/java.lang.Thread.run(Thread.java:840)
2026-08-20 15:10:06 [] [] [] [http-nio-8071-exec-6] INFO  c.s.transport.config.TenantFilter - 🔍 Decoded JWT Claims: {sub=15, jti=75343a78-9ff1-46d3-90af-33ca6994ccaf, iat=1787211574, exp=1787213374, type=access, userId=15, userName=abarmate23@gmail.com, hotelId=2, hotelName=Holiday Inn, licenseStatus=ACTIVE, email=abarmate23@gmail.com, authorities=[ROLE_USER]}
2026-08-20 15:10:06 [] [] [] [http-nio-8071-exec-6] WARN  c.s.transport.config.TenantFilter - ⚠️ No 'schema' or 'tenant' claim found in JWT payload
2026-08-20 15:10:06 [] [] [] [http-nio-8071-exec-6] WARN  c.s.transport.config.TenantFilter - ⚠️ No schema resolved from JWT or X-Schema header; using default tenant
2026-08-20 15:10:06 [AA48C6EF] [0b9764b3-2047-4b5a-919d-3a253523f21f] [POST /api/v1/transport-module/route-students/assignStudent] [http-nio-8071-exec-6] INFO  c.s.t.interceptor.LoggingInterceptor - Incoming request: POST /api/v1/transport-module/route-students/assignStudent | logId: AA48C6EF | requestId: 0b9764b3-2047-4b5a-919d-3a253523f21f
2026-08-20 15:10:10 [AA48C6EF] [0b9764b3-2047-4b5a-919d-3a253523f21f] [POST /api/v1/transport-module/route-students/assignStudent] [http-nio-8071-exec-6] INFO  c.s.t.interceptor.LoggingInterceptor - Request completed: POST /api/v1/transport-module/route-students/assignStudent | Status: 200 | logId: AA48C6EF | requestId: 0b9764b3-2047-4b5a-919d-3a253523f21f
2026-08-20 15:10:37 [] [] [] [http-nio-8071-exec-7] INFO  c.s.transport.config.TenantFilter - 🔍 Decoded JWT Claims: {sub=15, jti=75343a78-9ff1-46d3-90af-33ca6994ccaf, iat=1787211574, exp=1787213374, type=access, userId=15, userName=abarmate23@gmail.com, hotelId=2, hotelName=Holiday Inn, licenseStatus=ACTIVE, email=abarmate23@gmail.com, authorities=[ROLE_USER]}
2026-08-20 15:10:37 [] [] [] [http-nio-8071-exec-7] WARN  c.s.transport.config.TenantFilter - ⚠️ No 'schema' or 'tenant' claim found in JWT payload
2026-08-20 15:10:37 [] [] [] [http-nio-8071-exec-7] WARN  c.s.transport.config.TenantFilter - ⚠️ No schema resolved from JWT or X-Schema header; using default tenant
2026-08-20 15:10:37 [5CA4FB8A] [30004b75-3776-47f2-a505-579c38efa3ef] [POST /api/v1/transport-module/route-students/assignStudent] [http-nio-8071-exec-7] INFO  c.s.t.interceptor.LoggingInterceptor - Incoming request: POST /api/v1/transport-module/route-students/assignStudent | logId: 5CA4FB8A | requestId: 30004b75-3776-47f2-a505-579c38efa3ef
2026-08-20 15:10:37 [5CA4FB8A] [30004b75-3776-47f2-a505-579c38efa3ef] [POST /api/v1/transport-module/route-students/assignStudent] [http-nio-8071-exec-7] INFO  c.s.t.interceptor.LoggingInterceptor - Request completed: POST /api/v1/transport-module/route-students/assignStudent | Status: 200 | logId: 5CA4FB8A | requestId: 30004b75-3776-47f2-a505-579c38efa3ef
2026-08-20 15:10:53 [] [] [] [http-nio-8071-exec-8] INFO  c.s.transport.config.TenantFilter - 🔍 Decoded JWT Claims: {sub=15, jti=75343a78-9ff1-46d3-90af-33ca6994ccaf, iat=1787211574, exp=1787213374, type=access, userId=15, userName=abarmate23@gmail.com, hotelId=2, hotelName=Holiday Inn, licenseStatus=ACTIVE, email=abarmate23@gmail.com, authorities=[ROLE_USER]}
2026-08-20 15:10:53 [] [] [] [http-nio-8071-exec-8] WARN  c.s.transport.config.TenantFilter - ⚠️ No 'schema' or 'tenant' claim found in JWT payload
2026-08-20 15:10:53 [] [] [] [http-nio-8071-exec-8] WARN  c.s.transport.config.TenantFilter - ⚠️ No schema resolved from JWT or X-Schema header; using default tenant
2026-08-20 15:10:53 [E92BB9AC] [2e458e4a-1586-41ef-8b2a-73091c22bcd0] [POST /api/v1/transport-module/route-students/assignStudent] [http-nio-8071-exec-8] INFO  c.s.t.interceptor.LoggingInterceptor - Incoming request: POST /api/v1/transport-module/route-students/assignStudent | logId: E92BB9AC | requestId: 2e458e4a-1586-41ef-8b2a-73091c22bcd0
2026-08-20 15:10:53 [E92BB9AC] [2e458e4a-1586-41ef-8b2a-73091c22bcd0] [POST /api/v1/transport-module/route-students/assignStudent] [http-nio-8071-exec-8] INFO  c.s.t.interceptor.LoggingInterceptor - Request completed: POST /api/v1/transport-module/route-students/assignStudent | Status: 200 | logId: E92BB9AC | requestId: 2e458e4a-1586-41ef-8b2a-73091c22bcd0
2026-08-20 15:14:43 [] [] [] [http-nio-8071-exec-2] INFO  c.s.transport.config.TenantFilter - 🔍 Decoded JWT Claims: {sub=15, jti=75343a78-9ff1-46d3-90af-33ca6994ccaf, iat=1787211574, exp=1787213374, type=access, userId=15, userName=abarmate23@gmail.com, hotelId=2, hotelName=Holiday Inn, licenseStatus=ACTIVE, email=abarmate23@gmail.com, authorities=[ROLE_USER]}
2026-08-20 15:14:43 [] [] [] [http-nio-8071-exec-2] WARN  c.s.transport.config.TenantFilter - ⚠️ No 'schema' or 'tenant' claim found in JWT payload
2026-08-20 15:14:43 [] [] [] [http-nio-8071-exec-2] WARN  c.s.transport.config.TenantFilter - ⚠️ No schema resolved from JWT or X-Schema header; using default tenant
2026-08-20 15:14:43 [DBAF1F3F] [f26510e2-cab5-459a-9161-d2c5e35e633a] [DELETE /api/v1/transport-module/route-stops/deleteStop/145] [http-nio-8071-exec-2] INFO  c.s.t.interceptor.LoggingInterceptor - Incoming request: DELETE /api/v1/transport-module/route-stops/deleteStop/145 | logId: DBAF1F3F | requestId: f26510e2-cab5-459a-9161-d2c5e35e633a
2026-08-20 15:14:43 [DBAF1F3F] [f26510e2-cab5-459a-9161-d2c5e35e633a] [DELETE /api/v1/transport-module/route-stops/deleteStop/145] [http-nio-8071-exec-2] INFO  c.s.t.interceptor.LoggingInterceptor - Request completed: DELETE /api/v1/transport-module/route-stops/deleteStop/145 | Status: 200 | logId: DBAF1F3F | requestId: f26510e2-cab5-459a-9161-d2c5e35e633a
2026-08-20 15:15:40 [2B11085F] [] [] [http-nio-8071-exec-1] INFO  c.s.transport.config.TenantFilter - 🔍 Decoded JWT Claims: {sub=15, jti=75343a78-9ff1-46d3-90af-33ca6994ccaf, iat=1787211574, exp=1787213374, type=access, userId=15, userName=abarmate23@gmail.com, hotelId=2, hotelName=Holiday Inn, licenseStatus=ACTIVE, email=abarmate23@gmail.com, authorities=[ROLE_USER]}
2026-08-20 15:15:41 [2B11085F] [] [] [http-nio-8071-exec-1] WARN  c.s.transport.config.TenantFilter - ⚠️ No 'schema' or 'tenant' claim found in JWT payload
2026-08-20 15:15:41 [2B11085F] [] [] [http-nio-8071-exec-1] WARN  c.s.transport.config.TenantFilter - ⚠️ No schema resolved from JWT or X-Schema header; using default tenant
2026-08-20 15:15:41 [2F3E13E5] [490b1fbb-fd14-424a-b652-e13702190f6f] [DELETE /api/v1/transport-module/route-stops/deleteStop/145] [http-nio-8071-exec-1] INFO  c.s.t.interceptor.LoggingInterceptor - Incoming request: DELETE /api/v1/transport-module/route-stops/deleteStop/145 | logId: 2F3E13E5 | requestId: 490b1fbb-fd14-424a-b652-e13702190f6f
2026-08-20 15:15:41 [2F3E13E5] [490b1fbb-fd14-424a-b652-e13702190f6f] [DELETE /api/v1/transport-module/route-stops/deleteStop/145] [http-nio-8071-exec-1] INFO  c.s.t.interceptor.LoggingInterceptor - Request completed: DELETE /api/v1/transport-module/route-stops/deleteStop/145 | Status: 200 | logId: 2F3E13E5 | requestId: 490b1fbb-fd14-424a-b652-e13702190f6f
2026-08-20 15:16:49 [D4139FC7] [] [] [http-nio-8071-exec-4] INFO  c.s.transport.config.TenantFilter - 🔍 Decoded JWT Claims: {sub=15, jti=75343a78-9ff1-46d3-90af-33ca6994ccaf, iat=1787211574, exp=1787213374, type=access, userId=15, userName=abarmate23@gmail.com, hotelId=2, hotelName=Holiday Inn, licenseStatus=ACTIVE, email=abarmate23@gmail.com, authorities=[ROLE_USER]}
2026-08-20 15:16:49 [D4139FC7] [] [] [http-nio-8071-exec-4] WARN  c.s.transport.config.TenantFilter - ⚠️ No 'schema' or 'tenant' claim found in JWT payload
2026-08-20 15:16:49 [D4139FC7] [] [] [http-nio-8071-exec-4] WARN  c.s.transport.config.TenantFilter - ⚠️ No schema resolved from JWT or X-Schema header; using default tenant
2026-08-20 15:16:49 [684255E4] [01b0c4c9-6a66-4898-bd38-3d83d3db387d] [DELETE /api/v1/transport-module/routes/deleteRoute/22] [http-nio-8071-exec-4] INFO  c.s.t.interceptor.LoggingInterceptor - Incoming request: DELETE /api/v1/transport-module/routes/deleteRoute/22 | logId: 684255E4 | requestId: 01b0c4c9-6a66-4898-bd38-3d83d3db387d
2026-08-20 15:16:49 [684255E4] [01b0c4c9-6a66-4898-bd38-3d83d3db387d] [DELETE /api/v1/transport-module/routes/deleteRoute/22] [http-nio-8071-exec-4] INFO  c.s.t.interceptor.LoggingInterceptor - Request completed: DELETE /api/v1/transport-module/routes/deleteRoute/22 | Status: 200 | logId: 684255E4 | requestId: 01b0c4c9-6a66-4898-bd38-3d83d3db387d
2026-08-20 15:18:02 [] [] [] [http-nio-8071-exec-7] INFO  c.s.transport.config.TenantFilter - 🔍 Decoded JWT Claims: {sub=15, jti=75343a78-9ff1-46d3-90af-33ca6994ccaf, iat=1787211574, exp=1787213374, type=access, userId=15, userName=abarmate23@gmail.com, hotelId=2, hotelName=Holiday Inn, licenseStatus=ACTIVE, email=abarmate23@gmail.com, authorities=[ROLE_USER]}
2026-08-20 15:18:02 [] [] [] [http-nio-8071-exec-7] WARN  c.s.transport.config.TenantFilter - ⚠️ No 'schema' or 'tenant' claim found in JWT payload
2026-08-20 15:18:02 [] [] [] [http-nio-8071-exec-7] WARN  c.s.transport.config.TenantFilter - ⚠️ No schema resolved from JWT or X-Schema header; using default tenant
2026-08-20 15:18:02 [58B9117E] [ac8b27a0-3647-4cbf-8e7a-9643d87f0b1a] [DELETE /api/v1/transport-module/route-students/removeStudent/946] [http-nio-8071-exec-7] INFO  c.s.t.interceptor.LoggingInterceptor - Incoming request: DELETE /api/v1/transport-module/route-students/removeStudent/946 | logId: 58B9117E | requestId: ac8b27a0-3647-4cbf-8e7a-9643d87f0b1a
2026-08-20 15:18:02 [58B9117E] [ac8b27a0-3647-4cbf-8e7a-9643d87f0b1a] [DELETE /api/v1/transport-module/route-students/removeStudent/946] [http-nio-8071-exec-7] INFO  c.s.t.interceptor.LoggingInterceptor - Request completed: DELETE /api/v1/transport-module/route-students/removeStudent/946 | Status: 200 | logId: 58B9117E | requestId: ac8b27a0-3647-4cbf-8e7a-9643d87f0b1a
2026-08-20 15:20:27 [] [] [] [http-nio-8071-exec-10] INFO  c.s.transport.config.TenantFilter - 🔍 Decoded JWT Claims: {sub=15, jti=75343a78-9ff1-46d3-90af-33ca6994ccaf, iat=1787211574, exp=1787213374, type=access, userId=15, userName=abarmate23@gmail.com, hotelId=2, hotelName=Holiday Inn, licenseStatus=ACTIVE, email=abarmate23@gmail.com, authorities=[ROLE_USER]}
2026-08-20 15:20:27 [] [] [] [http-nio-8071-exec-10] WARN  c.s.transport.config.TenantFilter - ⚠️ No 'schema' or 'tenant' claim found in JWT payload
2026-08-20 15:20:27 [] [] [] [http-nio-8071-exec-10] WARN  c.s.transport.config.TenantFilter - ⚠️ No schema resolved from JWT or X-Schema header; using default tenant
2026-08-20 15:20:27 [F7D6B7D0] [daeeff3b-29bc-432d-a02d-c9c5ecdc071f] [DELETE /api/v1/transport-module/route-students/removeStudent/946] [http-nio-8071-exec-10] INFO  c.s.t.interceptor.LoggingInterceptor - Incoming request: DELETE /api/v1/transport-module/route-students/removeStudent/946 | logId: F7D6B7D0 | requestId: daeeff3b-29bc-432d-a02d-c9c5ecdc071f
2026-08-20 15:20:27 [F7D6B7D0] [daeeff3b-29bc-432d-a02d-c9c5ecdc071f] [DELETE /api/v1/transport-module/route-students/removeStudent/946] [http-nio-8071-exec-10] INFO  c.s.t.interceptor.LoggingInterceptor - Request completed: DELETE /api/v1/transport-module/route-students/removeStudent/946 | Status: 200 | logId: F7D6B7D0 | requestId: daeeff3b-29bc-432d-a02d-c9c5ecdc071f
2026-08-20 15:20:43 [] [] [] [http-nio-8071-exec-1] INFO  c.s.transport.config.TenantFilter - 🔍 Decoded JWT Claims: {sub=15, jti=75343a78-9ff1-46d3-90af-33ca6994ccaf, iat=1787211574, exp=1787213374, type=access, userId=15, userName=abarmate23@gmail.com, hotelId=2, hotelName=Holiday Inn, licenseStatus=ACTIVE, email=abarmate23@gmail.com, authorities=[ROLE_USER]}
2026-08-20 15:20:43 [] [] [] [http-nio-8071-exec-1] WARN  c.s.transport.config.TenantFilter - ⚠️ No 'schema' or 'tenant' claim found in JWT payload
2026-08-20 15:20:43 [] [] [] [http-nio-8071-exec-1] WARN  c.s.transport.config.TenantFilter - ⚠️ No schema resolved from JWT or X-Schema header; using default tenant
2026-08-20 15:20:43 [AB723C04] [7213aa4f-b0a1-4579-aefd-9c7943d0b8e3] [DELETE /api/v1/transport-module/routes/deleteRoute/22] [http-nio-8071-exec-1] INFO  c.s.t.interceptor.LoggingInterceptor - Incoming request: DELETE /api/v1/transport-module/routes/deleteRoute/22 | logId: AB723C04 | requestId: 7213aa4f-b0a1-4579-aefd-9c7943d0b8e3
2026-08-20 15:20:44 [AB723C04] [7213aa4f-b0a1-4579-aefd-9c7943d0b8e3] [DELETE /api/v1/transport-module/routes/deleteRoute/22] [http-nio-8071-exec-1] INFO  c.s.t.interceptor.LoggingInterceptor - Request completed: DELETE /api/v1/transport-module/routes/deleteRoute/22 | Status: 200 | logId: AB723C04 | requestId: 7213aa4f-b0a1-4579-aefd-9c7943d0b8e3
2026-08-20 15:22:13 [] [] [] [SpringApplicationShutdownHook] INFO  o.s.c.n.e.s.EurekaServiceRegistry - Unregistering application TRANSPORTSERVICE with eureka with status DOWN
2026-08-20 15:22:13 [] [] [] [SpringApplicationShutdownHook] INFO  o.s.b.w.e.tomcat.GracefulShutdown - Commencing graceful shutdown. Waiting for active requests to complete
2026-08-20 15:22:13 [] [] [] [tomcat-shutdown] INFO  o.s.b.w.e.tomcat.GracefulShutdown - Graceful shutdown complete
2026-08-20 15:22:13 [] [] [] [SpringApplicationShutdownHook] INFO  o.s.o.j.LocalContainerEntityManagerFactoryBean - Closing JPA EntityManagerFactory for persistence unit 'default'
2026-08-20 15:22:13 [] [] [] [SpringApplicationShutdownHook] INFO  com.zaxxer.hikari.HikariDataSource - HikariPool-1 - Shutdown initiated...
2026-08-20 15:22:13 [] [] [] [SpringApplicationShutdownHook] INFO  com.zaxxer.hikari.HikariDataSource - HikariPool-1 - Shutdown completed.
2026-08-20 15:22:13 [] [] [] [SpringApplicationShutdownHook] INFO  c.netflix.discovery.DiscoveryClient - Shutting down DiscoveryClient ...
2026-08-20 15:22:13 [] [] [] [SpringApplicationShutdownHook] INFO  c.netflix.discovery.DiscoveryClient - Completed shut down of DiscoveryClient
2026-08-20 15:22:21 [] [] [] [main] INFO  c.s.t.TransportServiceApplication - Starting TransportServiceApplication using Java 17.0.16 with PID 24088 (D:\RMSC Code\Transport-Service\target\classes started by conte in D:\SERp\git code staff\Academic-Module)
2026-08-20 15:22:21 [] [] [] [main] INFO  c.s.t.TransportServiceApplication - No active profile set, falling back to 1 default profile: "default"
2026-08-20 15:22:22 [] [] [] [main] INFO  o.s.d.r.c.RepositoryConfigurationDelegate - Bootstrapping Spring Data JPA repositories in DEFAULT mode.
2026-08-20 15:22:23 [] [] [] [main] INFO  o.s.d.r.c.RepositoryConfigurationDelegate - Finished Spring Data repository scanning in 230 ms. Found 19 JPA repository interfaces.
2026-08-20 15:22:23 [] [] [] [main] INFO  o.s.cloud.context.scope.GenericScope - BeanFactory id=18cf57fc-78bb-3ee5-9577-9a6a9b004e35
2026-08-20 15:22:24 [] [] [] [main] INFO  o.s.b.w.e.tomcat.TomcatWebServer - Tomcat initialized with port 8071 (http)
2026-08-20 15:22:24 [] [] [] [main] INFO  o.a.catalina.core.StandardService - Starting service [Tomcat]
2026-08-20 15:22:24 [] [] [] [main] INFO  o.a.catalina.core.StandardEngine - Starting Servlet engine: [Apache Tomcat/10.1.44]
2026-08-20 15:22:24 [] [] [] [main] INFO  o.a.c.c.C.[Tomcat].[localhost].[/] - Initializing Spring embedded WebApplicationContext
2026-08-20 15:22:24 [] [] [] [main] INFO  o.s.b.w.s.c.ServletWebServerApplicationContext - Root WebApplicationContext: initialization completed in 3090 ms
2026-08-20 15:22:24 [] [] [] [main] INFO  o.h.jpa.internal.util.LogHelper - HHH000204: Processing PersistenceUnitInfo [name: default]
2026-08-20 15:22:24 [] [] [] [main] INFO  org.hibernate.Version - HHH000412: Hibernate ORM core version 6.6.26.Final
2026-08-20 15:22:24 [] [] [] [main] INFO  o.h.c.i.RegionFactoryInitiator - HHH000026: Second-level cache disabled
2026-08-20 15:22:24 [] [] [] [main] INFO  o.s.o.j.p.SpringPersistenceUnitInfo - No LoadTimeWeaver setup: ignoring JPA class transformer
2026-08-20 15:22:24 [] [] [] [main] INFO  com.zaxxer.hikari.HikariDataSource - HikariPool-1 - Starting...
2026-08-20 15:22:25 [] [] [] [main] INFO  com.zaxxer.hikari.pool.HikariPool - HikariPool-1 - Added connection com.mysql.cj.jdbc.ConnectionImpl@acb1c9c
2026-08-20 15:22:25 [] [] [] [main] INFO  com.zaxxer.hikari.HikariDataSource - HikariPool-1 - Start completed.
2026-08-20 15:22:25 [] [] [] [main] WARN  org.hibernate.orm.deprecation - HHH90000025: MySQL8Dialect does not need to be specified explicitly using 'hibernate.dialect' (remove the property setting and it will be selected by default)
2026-08-20 15:22:25 [] [] [] [main] WARN  org.hibernate.orm.deprecation - HHH90000026: MySQL8Dialect has been deprecated; use org.hibernate.dialect.MySQLDialect instead
2026-08-20 15:22:25 [] [] [] [main] INFO  o.hibernate.orm.connections.pooling - HHH10001005: Database info:
	Database JDBC URL [undefined/unknown]
	Database driver: undefined/unknown
	Database version: 8.0
	Autocommit mode: undefined/unknown
	Isolation level: undefined/unknown
	Minimum pool size: undefined/unknown
	Maximum pool size: undefined/unknown
2026-08-20 15:22:27 [] [] [] [main] INFO  o.h.e.t.j.p.i.JtaPlatformInitiator - HHH000489: No JTA platform available (set 'hibernate.transaction.jta.platform' to enable JTA platform integration)
2026-08-20 15:22:27 [] [] [] [main] INFO  o.s.o.j.LocalContainerEntityManagerFactoryBean - Initialized JPA EntityManagerFactory for persistence unit 'default'
2026-08-20 15:22:28 [] [] [] [main] INFO  o.s.d.j.r.query.QueryEnhancerFactory - Hibernate is in classpath; If applicable, HQL parser will be used.
2026-08-20 15:22:31 [] [] [] [main] WARN  o.s.b.a.o.j.JpaBaseConfiguration$JpaWebConfiguration - spring.jpa.open-in-view is enabled by default. Therefore, database queries may be performed during view rendering. Explicitly configure spring.jpa.open-in-view to disable this warning
2026-08-20 15:22:32 [] [] [] [main] INFO  o.s.c.n.e.c.DiscoveryClientOptionalArgsConfiguration - Eureka HTTP Client uses RestTemplate.
2026-08-20 15:22:32 [] [] [] [main] WARN  o.s.c.l.c.LoadBalancerCacheAutoConfiguration$LoadBalancerCaffeineWarnLogger - Spring Cloud LoadBalancer is currently working with the default cache. While this cache implementation is useful for development and tests, it's recommended to use Caffeine cache in production.You can switch to using Caffeine cache, by adding it and org.springframework.cache.caffeine.CaffeineCacheManager to the classpath.
2026-08-20 15:22:32 [] [] [] [main] INFO  o.s.b.a.e.web.EndpointLinksResolver - Exposing 3 endpoints beneath base path '/actuator'
2026-08-20 15:22:32 [] [] [] [main] INFO  o.s.c.n.eureka.InstanceInfoFactory - Setting initial instance status as: STARTING
2026-08-20 15:22:32 [] [] [] [main] INFO  c.netflix.discovery.DiscoveryClient - Initializing Eureka in region us-east-1
2026-08-20 15:22:32 [] [] [] [main] INFO  c.netflix.discovery.DiscoveryClient - Client configured to neither register nor query for data.
2026-08-20 15:22:32 [] [] [] [main] INFO  c.netflix.discovery.DiscoveryClient - Discovery Client initialized at timestamp 1787219552745 with initial instances count: 0
2026-08-20 15:22:32 [] [] [] [main] INFO  o.s.c.n.e.s.EurekaServiceRegistry - Registering application TRANSPORTSERVICE with eureka with status UP
2026-08-20 15:22:32 [] [] [] [main] INFO  o.s.b.w.e.tomcat.TomcatWebServer - Tomcat started on port 8071 (http) with context path '/'
2026-08-20 15:22:32 [] [] [] [main] INFO  o.s.c.n.e.s.EurekaAutoServiceRegistration - Updating port to 8071
2026-08-20 15:22:33 [] [] [] [main] INFO  c.s.t.TransportServiceApplication - Started TransportServiceApplication in 12.976 seconds (process running for 13.962)
2026-08-20 15:28:19 [] [] [] [HikariPool-1:housekeeper] WARN  com.zaxxer.hikari.pool.PoolBase - HikariPool-1 - Failed to validate connection com.mysql.cj.jdbc.ConnectionImpl@15e060e (No operations allowed after connection closed.). Possibly consider using a shorter maxLifetime value.
2026-08-20 15:28:24 [] [] [] [HikariPool-1:housekeeper] WARN  com.zaxxer.hikari.pool.PoolBase - HikariPool-1 - Failed to validate connection com.mysql.cj.jdbc.ConnectionImpl@6330650c (No operations allowed after connection closed.). Possibly consider using a shorter maxLifetime value.
2026-08-20 15:28:29 [] [] [] [HikariPool-1:housekeeper] WARN  com.zaxxer.hikari.pool.PoolBase - HikariPool-1 - Failed to validate connection com.mysql.cj.jdbc.ConnectionImpl@17a34168 (No operations allowed after connection closed.). Possibly consider using a shorter maxLifetime value.
2026-08-20 15:28:32 [] [] [] [http-nio-8071-exec-1] INFO  o.a.c.c.C.[Tomcat].[localhost].[/] - Initializing Spring DispatcherServlet 'dispatcherServlet'
2026-08-20 15:28:32 [] [] [] [http-nio-8071-exec-1] INFO  o.s.web.servlet.DispatcherServlet - Initializing Servlet 'dispatcherServlet'
2026-08-20 15:28:32 [] [] [] [http-nio-8071-exec-1] INFO  o.s.web.servlet.DispatcherServlet - Completed initialization in 109 ms
2026-08-20 15:28:38 [] [] [] [http-nio-8071-exec-1] WARN  com.zaxxer.hikari.pool.PoolBase - HikariPool-1 - Failed to validate connection com.mysql.cj.jdbc.ConnectionImpl@acb1c9c (No operations allowed after connection closed.). Possibly consider using a shorter maxLifetime value.
2026-08-20 15:28:43 [] [] [] [http-nio-8071-exec-1] WARN  com.zaxxer.hikari.pool.PoolBase - HikariPool-1 - Failed to validate connection com.mysql.cj.jdbc.ConnectionImpl@18c2463f (No operations allowed after connection closed.). Possibly consider using a shorter maxLifetime value.
2026-08-20 15:28:45 [] [] [] [http-nio-8071-exec-2] WARN  com.zaxxer.hikari.pool.PoolBase - HikariPool-1 - Failed to validate connection com.mysql.cj.jdbc.ConnectionImpl@40d95da3 (No operations allowed after connection closed.). Possibly consider using a shorter maxLifetime value.
2026-08-20 15:28:48 [] [] [] [http-nio-8071-exec-1] WARN  com.zaxxer.hikari.pool.PoolBase - HikariPool-1 - Failed to validate connection com.mysql.cj.jdbc.ConnectionImpl@49a25ed5 (No operations allowed after connection closed.). Possibly consider using a shorter maxLifetime value.
2026-08-20 15:28:50 [] [] [] [http-nio-8071-exec-2] WARN  com.zaxxer.hikari.pool.PoolBase - HikariPool-1 - Failed to validate connection com.mysql.cj.jdbc.ConnectionImpl@5dbdbdc (No operations allowed after connection closed.). Possibly consider using a shorter maxLifetime value.
2026-08-20 15:28:53 [] [] [] [http-nio-8071-exec-1] WARN  com.zaxxer.hikari.pool.PoolBase - HikariPool-1 - Failed to validate connection com.mysql.cj.jdbc.ConnectionImpl@7e432f07 (No operations allowed after connection closed.). Possibly consider using a shorter maxLifetime value.
2026-08-20 15:28:55 [] [] [] [http-nio-8071-exec-2] WARN  com.zaxxer.hikari.pool.PoolBase - HikariPool-1 - Failed to validate connection com.mysql.cj.jdbc.ConnectionImpl@468fe21a (No operations allowed after connection closed.). Possibly consider using a shorter maxLifetime value.
2026-08-20 15:29:03 [] [] [] [http-nio-8071-exec-1] WARN  o.h.e.jdbc.spi.SqlExceptionHelper - SQL Error: 0, SQLState: 08S01
2026-08-20 15:29:03 [] [] [] [http-nio-8071-exec-1] ERROR o.h.e.jdbc.spi.SqlExceptionHelper - HikariPool-1 - Connection is not available, request timed out after 30012ms (total=0, active=0, idle=0, waiting=1)
2026-08-20 15:29:03 [] [] [] [http-nio-8071-exec-1] ERROR o.h.e.jdbc.spi.SqlExceptionHelper - Communications link failure

The last packet sent successfully to the server was 0 milliseconds ago. The driver has not received any packets from the server.
2026-08-20 15:29:03 [] [] [] [http-nio-8071-exec-1] ERROR o.a.c.c.C.[.[.[.[dispatcherServlet] - Servlet.service() for servlet [dispatcherServlet] in context with path [] threw exception
org.springframework.dao.DataAccessResourceFailureException: Unable to acquire JDBC Connection [HikariPool-1 - Connection is not available, request timed out after 30012ms (total=0, active=0, idle=0, waiting=1)] [n/a]
	at org.springframework.orm.jpa.vendor.HibernateJpaDialect.convertHibernateAccessException(HibernateJpaDialect.java:278)
	at org.springframework.orm.jpa.vendor.HibernateJpaDialect.convertHibernateAccessException(HibernateJpaDialect.java:256)
	at org.springframework.orm.jpa.vendor.HibernateJpaDialect.translateExceptionIfPossible(HibernateJpaDialect.java:241)
	at org.springframework.orm.jpa.AbstractEntityManagerFactoryBean.translateExceptionIfPossible(AbstractEntityManagerFactoryBean.java:560)
	at org.springframework.dao.support.ChainedPersistenceExceptionTranslator.translateExceptionIfPossible(ChainedPersistenceExceptionTranslator.java:61)
	at org.springframework.dao.support.DataAccessUtils.translateIfNecessary(DataAccessUtils.java:343)
	at org.springframework.dao.support.PersistenceExceptionTranslationInterceptor.invoke(PersistenceExceptionTranslationInterceptor.java:160)
	at org.springframework.aop.framework.ReflectiveMethodInvocation.proceed(ReflectiveMethodInvocation.java:184)
	at org.springframework.data.jpa.repository.support.CrudMethodMetadataPostProcessor$CrudMethodMetadataPopulatingMethodInterceptor.invoke(CrudMethodMetadataPostProcessor.java:136)
	at org.springframework.aop.framework.ReflectiveMethodInvocation.proceed(ReflectiveMethodInvocation.java:184)
	at org.springframework.aop.framework.JdkDynamicAopProxy.invoke(JdkDynamicAopProxy.java:223)
	at jdk.proxy2/jdk.proxy2.$Proxy177.findStaffIdByUserId(Unknown Source)
	at com.schoolerp.transport.config.JwtExtractionFilter.doFilter(JwtExtractionFilter.java:50)
	at org.apache.catalina.core.ApplicationFilterChain.internalDoFilter(ApplicationFilterChain.java:164)
	at org.apache.catalina.core.ApplicationFilterChain.doFilter(ApplicationFilterChain.java:140)
	at org.springframework.web.filter.RequestContextFilter.doFilterInternal(RequestContextFilter.java:100)
	at org.springframework.web.filter.OncePerRequestFilter.doFilter(OncePerRequestFilter.java:116)
	at org.apache.catalina.core.ApplicationFilterChain.internalDoFilter(ApplicationFilterChain.java:164)
	at org.apache.catalina.core.ApplicationFilterChain.doFilter(ApplicationFilterChain.java:140)
	at org.springframework.web.filter.FormContentFilter.doFilterInternal(FormContentFilter.java:93)
	at org.springframework.web.filter.OncePerRequestFilter.doFilter(OncePerRequestFilter.java:116)
	at org.apache.catalina.core.ApplicationFilterChain.internalDoFilter(ApplicationFilterChain.java:164)
	at org.apache.catalina.core.ApplicationFilterChain.doFilter(ApplicationFilterChain.java:140)
	at org.springframework.web.filter.ServerHttpObservationFilter.doFilterInternal(ServerHttpObservationFilter.java:110)
	at org.springframework.web.filter.OncePerRequestFilter.doFilter(OncePerRequestFilter.java:116)
	at org.apache.catalina.core.ApplicationFilterChain.internalDoFilter(ApplicationFilterChain.java:164)
	at org.apache.catalina.core.ApplicationFilterChain.doFilter(ApplicationFilterChain.java:140)
	at org.springframework.web.filter.CharacterEncodingFilter.doFilterInternal(CharacterEncodingFilter.java:201)
	at org.springframework.web.filter.OncePerRequestFilter.doFilter(OncePerRequestFilter.java:116)
	at org.apache.catalina.core.ApplicationFilterChain.internalDoFilter(ApplicationFilterChain.java:164)
	at org.apache.catalina.core.ApplicationFilterChain.doFilter(ApplicationFilterChain.java:140)
	at org.apache.catalina.core.StandardWrapperValve.invoke(StandardWrapperValve.java:167)
	at org.apache.catalina.core.StandardContextValve.invoke(StandardContextValve.java:90)
	at org.apache.catalina.authenticator.AuthenticatorBase.invoke(AuthenticatorBase.java:483)
	at org.apache.catalina.core.StandardHostValve.invoke(StandardHostValve.java:116)
	at org.apache.catalina.valves.ErrorReportValve.invoke(ErrorReportValve.java:93)
	at org.apache.catalina.core.StandardEngineValve.invoke(StandardEngineValve.java:74)
	at org.apache.catalina.connector.CoyoteAdapter.service(CoyoteAdapter.java:344)
	at org.apache.coyote.http11.Http11Processor.service(Http11Processor.java:398)
	at org.apache.coyote.AbstractProcessorLight.process(AbstractProcessorLight.java:63)
	at org.apache.coyote.AbstractProtocol$ConnectionHandler.process(AbstractProtocol.java:903)
	at org.apache.tomcat.util.net.NioEndpoint$SocketProcessor.doRun(NioEndpoint.java:1769)
	at org.apache.tomcat.util.net.SocketProcessorBase.run(SocketProcessorBase.java:52)
	at org.apache.tomcat.util.threads.ThreadPoolExecutor.runWorker(ThreadPoolExecutor.java:1189)
	at org.apache.tomcat.util.threads.ThreadPoolExecutor$Worker.run(ThreadPoolExecutor.java:658)
	at org.apache.tomcat.util.threads.TaskThread$WrappingRunnable.run(TaskThread.java:63)
	at java.base/java.lang.Thread.run(Thread.java:840)
Caused by: org.hibernate.exception.JDBCConnectionException: Unable to acquire JDBC Connection [HikariPool-1 - Connection is not available, request timed out after 30012ms (total=0, active=0, idle=0, waiting=1)] [n/a]
	at org.hibernate.exception.internal.SQLExceptionTypeDelegate.convert(SQLExceptionTypeDelegate.java:51)
	at org.hibernate.exception.internal.StandardSQLExceptionConverter.convert(StandardSQLExceptionConverter.java:58)
	at org.hibernate.engine.jdbc.spi.SqlExceptionHelper.convert(SqlExceptionHelper.java:108)
	at org.hibernate.engine.jdbc.spi.SqlExceptionHelper.convert(SqlExceptionHelper.java:94)
	at org.hibernate.resource.jdbc.internal.LogicalConnectionManagedImpl.acquireConnectionIfNeeded(LogicalConnectionManagedImpl.java:129)
	at org.hibernate.resource.jdbc.internal.LogicalConnectionManagedImpl.getPhysicalConnection(LogicalConnectionManagedImpl.java:156)
	at org.hibernate.engine.jdbc.internal.StatementPreparerImpl.connection(StatementPreparerImpl.java:56)
	at org.hibernate.engine.jdbc.internal.StatementPreparerImpl$4.doPrepare(StatementPreparerImpl.java:151)
	at org.hibernate.engine.jdbc.internal.StatementPreparerImpl$StatementPreparationTemplate.prepareStatement(StatementPreparerImpl.java:180)
	at org.hibernate.engine.jdbc.internal.StatementPreparerImpl.prepareQueryStatement(StatementPreparerImpl.java:153)
	at org.hibernate.sql.exec.internal.StandardStatementCreator.createStatement(StandardStatementCreator.java:49)
	at org.hibernate.sql.results.jdbc.internal.DeferredResultSetAccess.executeQuery(DeferredResultSetAccess.java:236)
	at org.hibernate.sql.results.jdbc.internal.DeferredResultSetAccess.getResultSet(DeferredResultSetAccess.java:172)
	at org.hibernate.sql.results.jdbc.internal.AbstractResultSetAccess.getMetaData(AbstractResultSetAccess.java:36)
	at org.hibernate.sql.results.jdbc.internal.AbstractResultSetAccess.getColumnCount(AbstractResultSetAccess.java:52)
	at org.hibernate.query.results.ResultSetMappingImpl.resolve(ResultSetMappingImpl.java:194)
	at org.hibernate.sql.exec.internal.JdbcSelectExecutorStandardImpl.resolveJdbcValuesSource(JdbcSelectExecutorStandardImpl.java:340)
	at org.hibernate.sql.exec.internal.JdbcSelectExecutorStandardImpl.doExecuteQuery(JdbcSelectExecutorStandardImpl.java:137)
	at org.hibernate.sql.exec.internal.JdbcSelectExecutorStandardImpl.executeQuery(JdbcSelectExecutorStandardImpl.java:102)
	at org.hibernate.sql.exec.spi.JdbcSelectExecutor.executeQuery(JdbcSelectExecutor.java:91)
	at org.hibernate.sql.exec.spi.JdbcSelectExecutor.list(JdbcSelectExecutor.java:165)
	at org.hibernate.sql.exec.spi.JdbcSelectExecutor.list(JdbcSelectExecutor.java:142)
	at org.hibernate.sql.exec.spi.JdbcSelectExecutor.list(JdbcSelectExecutor.java:132)
	at org.hibernate.query.sql.internal.NativeSelectQueryPlanImpl.performList(NativeSelectQueryPlanImpl.java:135)
	at org.hibernate.query.sql.internal.NativeQueryImpl.doList(NativeQueryImpl.java:697)
	at org.hibernate.query.spi.AbstractSelectionQuery.list(AbstractSelectionQuery.java:143)
	at org.hibernate.query.spi.AbstractSelectionQuery.getSingleResult(AbstractSelectionQuery.java:275)
	at java.base/jdk.internal.reflect.NativeMethodAccessorImpl.invoke0(Native Method)
	at java.base/jdk.internal.reflect.NativeMethodAccessorImpl.invoke(NativeMethodAccessorImpl.java:77)
	at java.base/jdk.internal.reflect.DelegatingMethodAccessorImpl.invoke(DelegatingMethodAccessorImpl.java:43)
	at java.base/java.lang.reflect.Method.invoke(Method.java:569)
	at org.springframework.orm.jpa.SharedEntityManagerCreator$DeferredQueryInvocationHandler.invoke(SharedEntityManagerCreator.java:419)
	at jdk.proxy2/jdk.proxy2.$Proxy231.getSingleResult(Unknown Source)
	at org.springframework.data.jpa.repository.query.JpaQueryExecution$SingleEntityExecution.doExecute(JpaQueryExecution.java:224)
	at org.springframework.data.jpa.repository.query.JpaQueryExecution.execute(JpaQueryExecution.java:93)
	at org.springframework.data.jpa.repository.query.AbstractJpaQuery.doExecute(AbstractJpaQuery.java:160)
	at org.springframework.data.jpa.repository.query.AbstractJpaQuery.execute(AbstractJpaQuery.java:148)
	at org.springframework.data.repository.core.support.RepositoryMethodInvoker.doInvoke(RepositoryMethodInvoker.java:170)
	at org.springframework.data.repository.core.support.RepositoryMethodInvoker.invoke(RepositoryMethodInvoker.java:158)
	at org.springframework.data.repository.core.support.QueryExecutorMethodInterceptor.doInvoke(QueryExecutorMethodInterceptor.java:170)
	at org.springframework.data.repository.core.support.QueryExecutorMethodInterceptor.invoke(QueryExecutorMethodInterceptor.java:149)
	at org.springframework.aop.framework.ReflectiveMethodInvocation.proceed(ReflectiveMethodInvocation.java:184)
	at org.springframework.data.projection.DefaultMethodInvokingMethodInterceptor.invoke(DefaultMethodInvokingMethodInterceptor.java:69)
	at org.springframework.aop.framework.ReflectiveMethodInvocation.proceed(ReflectiveMethodInvocation.java:184)
	at org.springframework.transaction.interceptor.TransactionAspectSupport.invokeWithinTransaction(TransactionAspectSupport.java:380)
	at org.springframework.transaction.interceptor.TransactionInterceptor.invoke(TransactionInterceptor.java:119)
	at org.springframework.aop.framework.ReflectiveMethodInvocation.proceed(ReflectiveMethodInvocation.java:184)
	at org.springframework.dao.support.PersistenceExceptionTranslationInterceptor.invoke(PersistenceExceptionTranslationInterceptor.java:138)
	... 40 common frames omitted
Caused by: java.sql.SQLTransientConnectionException: HikariPool-1 - Connection is not available, request timed out after 30012ms (total=0, active=0, idle=0, waiting=1)
	at com.zaxxer.hikari.pool.HikariPool.createTimeoutException(HikariPool.java:714)
	at com.zaxxer.hikari.pool.HikariPool.getConnection(HikariPool.java:184)
	at com.zaxxer.hikari.pool.HikariPool.getConnection(HikariPool.java:142)
	at com.zaxxer.hikari.HikariDataSource.getConnection(HikariDataSource.java:127)
	at com.schoolerp.transport.config.SchemaBasedMultiTenantConnectionProvider.getAnyConnection(SchemaBasedMultiTenantConnectionProvider.java:21)
	at com.schoolerp.transport.config.SchemaBasedMultiTenantConnectionProvider.getConnection(SchemaBasedMultiTenantConnectionProvider.java:32)
	at com.schoolerp.transport.config.SchemaBasedMultiTenantConnectionProvider.getConnection(SchemaBasedMultiTenantConnectionProvider.java:10)
	at org.hibernate.internal.ContextualJdbcConnectionAccess.obtainConnection(ContextualJdbcConnectionAccess.java:52)
	at org.hibernate.resource.jdbc.internal.LogicalConnectionManagedImpl.acquireConnectionIfNeeded(LogicalConnectionManagedImpl.java:126)
	... 83 common frames omitted
Caused by: com.mysql.cj.jdbc.exceptions.CommunicationsException: Communications link failure

The last packet sent successfully to the server was 0 milliseconds ago. The driver has not received any packets from the server.
	at com.mysql.cj.jdbc.exceptions.SQLError.createCommunicationsException(SQLError.java:165)
	at com.mysql.cj.jdbc.exceptions.SQLExceptionsMapping.translateException(SQLExceptionsMapping.java:55)
	at com.mysql.cj.jdbc.ConnectionImpl.createNewIO(ConnectionImpl.java:839)
	at com.mysql.cj.jdbc.ConnectionImpl.<init>(ConnectionImpl.java:415)
	at com.mysql.cj.jdbc.ConnectionImpl.getInstance(ConnectionImpl.java:237)
	at com.mysql.cj.jdbc.NonRegisteringDriver.connect(NonRegisteringDriver.java:180)
	at com.zaxxer.hikari.util.DriverDataSource.getConnection(DriverDataSource.java:144)
	at com.zaxxer.hikari.pool.PoolBase.newConnection(PoolBase.java:370)
	at com.zaxxer.hikari.pool.PoolBase.newPoolEntry(PoolBase.java:207)
	at com.zaxxer.hikari.pool.HikariPool.createPoolEntry(HikariPool.java:488)
	at com.zaxxer.hikari.pool.HikariPool$PoolEntryCreator.call(HikariPool.java:752)
	at com.zaxxer.hikari.pool.HikariPool$PoolEntryCreator.call(HikariPool.java:731)
	at java.base/java.util.concurrent.FutureTask.run$$$capture(FutureTask.java:264)
	at java.base/java.util.concurrent.FutureTask.run(FutureTask.java)
	at java.base/java.util.concurrent.ThreadPoolExecutor.runWorker(ThreadPoolExecutor.java:1136)
	at java.base/java.util.concurrent.ThreadPoolExecutor$Worker.run(ThreadPoolExecutor.java:635)
	... 1 common frames omitted
Caused by: com.mysql.cj.exceptions.CJCommunicationsException: Communications link failure

The last packet sent successfully to the server was 0 milliseconds ago. The driver has not received any packets from the server.
	at java.base/jdk.internal.reflect.NativeConstructorAccessorImpl.newInstance0(Native Method)
	at java.base/jdk.internal.reflect.NativeConstructorAccessorImpl.newInstance(NativeConstructorAccessorImpl.java:77)
	at java.base/jdk.internal.reflect.DelegatingConstructorAccessorImpl.newInstance(DelegatingConstructorAccessorImpl.java:45)
	at java.base/java.lang.reflect.Constructor.newInstanceWithCaller(Constructor.java:500)
	at java.base/java.lang.reflect.Constructor.newInstance(Constructor.java:481)
	at com.mysql.cj.exceptions.ExceptionFactory.createException(ExceptionFactory.java:52)
	at com.mysql.cj.exceptions.ExceptionFactory.createException(ExceptionFactory.java:95)
	at com.mysql.cj.exceptions.ExceptionFactory.createException(ExceptionFactory.java:140)
	at com.mysql.cj.exceptions.ExceptionFactory.createCommunicationsException(ExceptionFactory.java:156)
	at com.mysql.cj.protocol.a.NativeSocketConnection.connect(NativeSocketConnection.java:79)
	at com.mysql.cj.NativeSession.connect(NativeSession.java:142)
	at com.mysql.cj.jdbc.ConnectionImpl.connectOneTryOnly(ConnectionImpl.java:963)
	at com.mysql.cj.jdbc.ConnectionImpl.createNewIO(ConnectionImpl.java:827)
	... 14 common frames omitted
Caused by: java.net.ConnectException: Connection timed out: getsockopt
	at java.base/sun.nio.ch.Net.pollConnect(Native Method)
	at java.base/sun.nio.ch.Net.pollConnectNow(Net.java:672)
	at java.base/sun.nio.ch.NioSocketImpl.timedFinishConnect(NioSocketImpl.java:554)
	at java.base/sun.nio.ch.NioSocketImpl.connect(NioSocketImpl.java:602)
	at java.base/java.net.SocksSocketImpl.connect(SocksSocketImpl.java:327)
	at java.base/java.net.Socket.connect(Socket.java:633)
	at com.mysql.cj.protocol.StandardSocketFactory.connect(StandardSocketFactory.java:144)
	at com.mysql.cj.protocol.a.NativeSocketConnection.connect(NativeSocketConnection.java:53)
	... 17 common frames omitted
2026-08-20 15:29:10 [] [] [] [http-nio-8071-exec-2] WARN  o.h.e.jdbc.spi.SqlExceptionHelper - SQL Error: 0, SQLState: 08S01
2026-08-20 15:29:10 [] [] [] [http-nio-8071-exec-2] ERROR o.h.e.jdbc.spi.SqlExceptionHelper - HikariPool-1 - Connection is not available, request timed out after 30008ms (total=0, active=0, idle=0, waiting=0)
2026-08-20 15:29:10 [] [] [] [http-nio-8071-exec-2] ERROR o.h.e.jdbc.spi.SqlExceptionHelper - Communications link failure

The last packet sent successfully to the server was 0 milliseconds ago. The driver has not received any packets from the server.
2026-08-20 15:29:10 [] [] [] [http-nio-8071-exec-2] ERROR o.a.c.c.C.[.[.[.[dispatcherServlet] - Servlet.service() for servlet [dispatcherServlet] in context with path [] threw exception
org.springframework.dao.DataAccessResourceFailureException: Unable to acquire JDBC Connection [HikariPool-1 - Connection is not available, request timed out after 30008ms (total=0, active=0, idle=0, waiting=0)] [n/a]
	at org.springframework.orm.jpa.vendor.HibernateJpaDialect.convertHibernateAccessException(HibernateJpaDialect.java:278)
	at org.springframework.orm.jpa.vendor.HibernateJpaDialect.convertHibernateAccessException(HibernateJpaDialect.java:256)
	at org.springframework.orm.jpa.vendor.HibernateJpaDialect.translateExceptionIfPossible(HibernateJpaDialect.java:241)
	at org.springframework.orm.jpa.AbstractEntityManagerFactoryBean.translateExceptionIfPossible(AbstractEntityManagerFactoryBean.java:560)
	at org.springframework.dao.support.ChainedPersistenceExceptionTranslator.translateExceptionIfPossible(ChainedPersistenceExceptionTranslator.java:61)
	at org.springframework.dao.support.DataAccessUtils.translateIfNecessary(DataAccessUtils.java:343)
	at org.springframework.dao.support.PersistenceExceptionTranslationInterceptor.invoke(PersistenceExceptionTranslationInterceptor.java:160)
	at org.springframework.aop.framework.ReflectiveMethodInvocation.proceed(ReflectiveMethodInvocation.java:184)
	at org.springframework.data.jpa.repository.support.CrudMethodMetadataPostProcessor$CrudMethodMetadataPopulatingMethodInterceptor.invoke(CrudMethodMetadataPostProcessor.java:136)
	at org.springframework.aop.framework.ReflectiveMethodInvocation.proceed(ReflectiveMethodInvocation.java:184)
	at org.springframework.aop.framework.JdkDynamicAopProxy.invoke(JdkDynamicAopProxy.java:223)
	at jdk.proxy2/jdk.proxy2.$Proxy177.findStaffIdByUserId(Unknown Source)
	at com.schoolerp.transport.config.JwtExtractionFilter.doFilter(JwtExtractionFilter.java:50)
	at org.apache.catalina.core.ApplicationFilterChain.internalDoFilter(ApplicationFilterChain.java:164)
	at org.apache.catalina.core.ApplicationFilterChain.doFilter(ApplicationFilterChain.java:140)
	at org.springframework.web.filter.RequestContextFilter.doFilterInternal(RequestContextFilter.java:100)
	at org.springframework.web.filter.OncePerRequestFilter.doFilter(OncePerRequestFilter.java:116)
	at org.apache.catalina.core.ApplicationFilterChain.internalDoFilter(ApplicationFilterChain.java:164)
	at org.apache.catalina.core.ApplicationFilterChain.doFilter(ApplicationFilterChain.java:140)
	at org.springframework.web.filter.FormContentFilter.doFilterInternal(FormContentFilter.java:93)
	at org.springframework.web.filter.OncePerRequestFilter.doFilter(OncePerRequestFilter.java:116)
	at org.apache.catalina.core.ApplicationFilterChain.internalDoFilter(ApplicationFilterChain.java:164)
	at org.apache.catalina.core.ApplicationFilterChain.doFilter(ApplicationFilterChain.java:140)
	at org.springframework.web.filter.ServerHttpObservationFilter.doFilterInternal(ServerHttpObservationFilter.java:110)
	at org.springframework.web.filter.OncePerRequestFilter.doFilter(OncePerRequestFilter.java:116)
	at org.apache.catalina.core.ApplicationFilterChain.internalDoFilter(ApplicationFilterChain.java:164)
	at org.apache.catalina.core.ApplicationFilterChain.doFilter(ApplicationFilterChain.java:140)
	at org.springframework.web.filter.CharacterEncodingFilter.doFilterInternal(CharacterEncodingFilter.java:201)
	at org.springframework.web.filter.OncePerRequestFilter.doFilter(OncePerRequestFilter.java:116)
	at org.apache.catalina.core.ApplicationFilterChain.internalDoFilter(ApplicationFilterChain.java:164)
	at org.apache.catalina.core.ApplicationFilterChain.doFilter(ApplicationFilterChain.java:140)
	at org.apache.catalina.core.StandardWrapperValve.invoke(StandardWrapperValve.java:167)
	at org.apache.catalina.core.StandardContextValve.invoke(StandardContextValve.java:90)
	at org.apache.catalina.authenticator.AuthenticatorBase.invoke(AuthenticatorBase.java:483)
	at org.apache.catalina.core.StandardHostValve.invoke(StandardHostValve.java:116)
	at org.apache.catalina.valves.ErrorReportValve.invoke(ErrorReportValve.java:93)
	at org.apache.catalina.core.StandardEngineValve.invoke(StandardEngineValve.java:74)
	at org.apache.catalina.connector.CoyoteAdapter.service(CoyoteAdapter.java:344)
	at org.apache.coyote.http11.Http11Processor.service(Http11Processor.java:398)
	at org.apache.coyote.AbstractProcessorLight.process(AbstractProcessorLight.java:63)
	at org.apache.coyote.AbstractProtocol$ConnectionHandler.process(AbstractProtocol.java:903)
	at org.apache.tomcat.util.net.NioEndpoint$SocketProcessor.doRun(NioEndpoint.java:1769)
	at org.apache.tomcat.util.net.SocketProcessorBase.run(SocketProcessorBase.java:52)
	at org.apache.tomcat.util.threads.ThreadPoolExecutor.runWorker(ThreadPoolExecutor.java:1189)
	at org.apache.tomcat.util.threads.ThreadPoolExecutor$Worker.run(ThreadPoolExecutor.java:658)
	at org.apache.tomcat.util.threads.TaskThread$WrappingRunnable.run(TaskThread.java:63)
	at java.base/java.lang.Thread.run(Thread.java:840)
Caused by: org.hibernate.exception.JDBCConnectionException: Unable to acquire JDBC Connection [HikariPool-1 - Connection is not available, request timed out after 30008ms (total=0, active=0, idle=0, waiting=0)] [n/a]
	at org.hibernate.exception.internal.SQLExceptionTypeDelegate.convert(SQLExceptionTypeDelegate.java:51)
	at org.hibernate.exception.internal.StandardSQLExceptionConverter.convert(StandardSQLExceptionConverter.java:58)
	at org.hibernate.engine.jdbc.spi.SqlExceptionHelper.convert(SqlExceptionHelper.java:108)
	at org.hibernate.engine.jdbc.spi.SqlExceptionHelper.convert(SqlExceptionHelper.java:94)
	at org.hibernate.resource.jdbc.internal.LogicalConnectionManagedImpl.acquireConnectionIfNeeded(LogicalConnectionManagedImpl.java:129)
	at org.hibernate.resource.jdbc.internal.LogicalConnectionManagedImpl.getPhysicalConnection(LogicalConnectionManagedImpl.java:156)
	at org.hibernate.engine.jdbc.internal.StatementPreparerImpl.connection(StatementPreparerImpl.java:56)
	at org.hibernate.engine.jdbc.internal.StatementPreparerImpl$4.doPrepare(StatementPreparerImpl.java:151)
	at org.hibernate.engine.jdbc.internal.StatementPreparerImpl$StatementPreparationTemplate.prepareStatement(StatementPreparerImpl.java:180)
	at org.hibernate.engine.jdbc.internal.StatementPreparerImpl.prepareQueryStatement(StatementPreparerImpl.java:153)
	at org.hibernate.sql.exec.internal.StandardStatementCreator.createStatement(StandardStatementCreator.java:49)
	at org.hibernate.sql.results.jdbc.internal.DeferredResultSetAccess.executeQuery(DeferredResultSetAccess.java:236)
	at org.hibernate.sql.results.jdbc.internal.DeferredResultSetAccess.getResultSet(DeferredResultSetAccess.java:172)
	at org.hibernate.sql.results.jdbc.internal.AbstractResultSetAccess.getMetaData(AbstractResultSetAccess.java:36)
	at org.hibernate.sql.results.jdbc.internal.AbstractResultSetAccess.getColumnCount(AbstractResultSetAccess.java:52)
	at org.hibernate.query.results.ResultSetMappingImpl.resolve(ResultSetMappingImpl.java:194)
	at org.hibernate.sql.exec.internal.JdbcSelectExecutorStandardImpl.resolveJdbcValuesSource(JdbcSelectExecutorStandardImpl.java:340)
	at org.hibernate.sql.exec.internal.JdbcSelectExecutorStandardImpl.doExecuteQuery(JdbcSelectExecutorStandardImpl.java:137)
	at org.hibernate.sql.exec.internal.JdbcSelectExecutorStandardImpl.executeQuery(JdbcSelectExecutorStandardImpl.java:102)
	at org.hibernate.sql.exec.spi.JdbcSelectExecutor.executeQuery(JdbcSelectExecutor.java:91)
	at org.hibernate.sql.exec.spi.JdbcSelectExecutor.list(JdbcSelectExecutor.java:165)
	at org.hibernate.sql.exec.spi.JdbcSelectExecutor.list(JdbcSelectExecutor.java:142)
	at org.hibernate.sql.exec.spi.JdbcSelectExecutor.list(JdbcSelectExecutor.java:132)
	at org.hibernate.query.sql.internal.NativeSelectQueryPlanImpl.performList(NativeSelectQueryPlanImpl.java:135)
	at org.hibernate.query.sql.internal.NativeQueryImpl.doList(NativeQueryImpl.java:697)
	at org.hibernate.query.spi.AbstractSelectionQuery.list(AbstractSelectionQuery.java:143)
	at org.hibernate.query.spi.AbstractSelectionQuery.getSingleResult(AbstractSelectionQuery.java:275)
	at java.base/jdk.internal.reflect.NativeMethodAccessorImpl.invoke0(Native Method)
	at java.base/jdk.internal.reflect.NativeMethodAccessorImpl.invoke(NativeMethodAccessorImpl.java:77)
	at java.base/jdk.internal.reflect.DelegatingMethodAccessorImpl.invoke(DelegatingMethodAccessorImpl.java:43)
	at java.base/java.lang.reflect.Method.invoke(Method.java:569)
	at org.springframework.orm.jpa.SharedEntityManagerCreator$DeferredQueryInvocationHandler.invoke(SharedEntityManagerCreator.java:419)
	at jdk.proxy2/jdk.proxy2.$Proxy231.getSingleResult(Unknown Source)
	at org.springframework.data.jpa.repository.query.JpaQueryExecution$SingleEntityExecution.doExecute(JpaQueryExecution.java:224)
	at org.springframework.data.jpa.repository.query.JpaQueryExecution.execute(JpaQueryExecution.java:93)
	at org.springframework.data.jpa.repository.query.AbstractJpaQuery.doExecute(AbstractJpaQuery.java:160)
	at org.springframework.data.jpa.repository.query.AbstractJpaQuery.execute(AbstractJpaQuery.java:148)
	at org.springframework.data.repository.core.support.RepositoryMethodInvoker.doInvoke(RepositoryMethodInvoker.java:170)
	at org.springframework.data.repository.core.support.RepositoryMethodInvoker.invoke(RepositoryMethodInvoker.java:158)
	at org.springframework.data.repository.core.support.QueryExecutorMethodInterceptor.doInvoke(QueryExecutorMethodInterceptor.java:170)
	at org.springframework.data.repository.core.support.QueryExecutorMethodInterceptor.invoke(QueryExecutorMethodInterceptor.java:149)
	at org.springframework.aop.framework.ReflectiveMethodInvocation.proceed(ReflectiveMethodInvocation.java:184)
	at org.springframework.data.projection.DefaultMethodInvokingMethodInterceptor.invoke(DefaultMethodInvokingMethodInterceptor.java:69)
	at org.springframework.aop.framework.ReflectiveMethodInvocation.proceed(ReflectiveMethodInvocation.java:184)
	at org.springframework.transaction.interceptor.TransactionAspectSupport.invokeWithinTransaction(TransactionAspectSupport.java:380)
	at org.springframework.transaction.interceptor.TransactionInterceptor.invoke(TransactionInterceptor.java:119)
	at org.springframework.aop.framework.ReflectiveMethodInvocation.proceed(ReflectiveMethodInvocation.java:184)
	at org.springframework.dao.support.PersistenceExceptionTranslationInterceptor.invoke(PersistenceExceptionTranslationInterceptor.java:138)
	... 40 common frames omitted
Caused by: java.sql.SQLTransientConnectionException: HikariPool-1 - Connection is not available, request timed out after 30008ms (total=0, active=0, idle=0, waiting=0)
	at com.zaxxer.hikari.pool.HikariPool.createTimeoutException(HikariPool.java:714)
	at com.zaxxer.hikari.pool.HikariPool.getConnection(HikariPool.java:184)
	at com.zaxxer.hikari.pool.HikariPool.getConnection(HikariPool.java:142)
	at com.zaxxer.hikari.HikariDataSource.getConnection(HikariDataSource.java:127)
	at com.schoolerp.transport.config.SchemaBasedMultiTenantConnectionProvider.getAnyConnection(SchemaBasedMultiTenantConnectionProvider.java:21)
	at com.schoolerp.transport.config.SchemaBasedMultiTenantConnectionProvider.getConnection(SchemaBasedMultiTenantConnectionProvider.java:32)
	at com.schoolerp.transport.config.SchemaBasedMultiTenantConnectionProvider.getConnection(SchemaBasedMultiTenantConnectionProvider.java:10)
	at org.hibernate.internal.ContextualJdbcConnectionAccess.obtainConnection(ContextualJdbcConnectionAccess.java:52)
	at org.hibernate.resource.jdbc.internal.LogicalConnectionManagedImpl.acquireConnectionIfNeeded(LogicalConnectionManagedImpl.java:126)
	... 83 common frames omitted
Caused by: com.mysql.cj.jdbc.exceptions.CommunicationsException: Communications link failure

The last packet sent successfully to the server was 0 milliseconds ago. The driver has not received any packets from the server.
	at com.mysql.cj.jdbc.exceptions.SQLError.createCommunicationsException(SQLError.java:165)
	at com.mysql.cj.jdbc.exceptions.SQLExceptionsMapping.translateException(SQLExceptionsMapping.java:55)
	at com.mysql.cj.jdbc.ConnectionImpl.createNewIO(ConnectionImpl.java:839)
	at com.mysql.cj.jdbc.ConnectionImpl.<init>(ConnectionImpl.java:415)
	at com.mysql.cj.jdbc.ConnectionImpl.getInstance(ConnectionImpl.java:237)
	at com.mysql.cj.jdbc.NonRegisteringDriver.connect(NonRegisteringDriver.java:180)
	at com.zaxxer.hikari.util.DriverDataSource.getConnection(DriverDataSource.java:144)
	at com.zaxxer.hikari.pool.PoolBase.newConnection(PoolBase.java:370)
	at com.zaxxer.hikari.pool.PoolBase.newPoolEntry(PoolBase.java:207)
	at com.zaxxer.hikari.pool.HikariPool.createPoolEntry(HikariPool.java:488)
	at com.zaxxer.hikari.pool.HikariPool$PoolEntryCreator.call(HikariPool.java:752)
	at com.zaxxer.hikari.pool.HikariPool$PoolEntryCreator.call(HikariPool.java:731)
	at java.base/java.util.concurrent.FutureTask.run$$$capture(FutureTask.java:264)
	at java.base/java.util.concurrent.FutureTask.run(FutureTask.java)
	at java.base/java.util.concurrent.ThreadPoolExecutor.runWorker(ThreadPoolExecutor.java:1136)
	at java.base/java.util.concurrent.ThreadPoolExecutor$Worker.run(ThreadPoolExecutor.java:635)
	... 1 common frames omitted
Caused by: com.mysql.cj.exceptions.CJCommunicationsException: Communications link failure

The last packet sent successfully to the server was 0 milliseconds ago. The driver has not received any packets from the server.
	at java.base/jdk.internal.reflect.NativeConstructorAccessorImpl.newInstance0(Native Method)
	at java.base/jdk.internal.reflect.NativeConstructorAccessorImpl.newInstance(NativeConstructorAccessorImpl.java:77)
	at java.base/jdk.internal.reflect.DelegatingConstructorAccessorImpl.newInstance(DelegatingConstructorAccessorImpl.java:45)
	at java.base/java.lang.reflect.Constructor.newInstanceWithCaller(Constructor.java:500)
	at java.base/java.lang.reflect.Constructor.newInstance(Constructor.java:481)
	at com.mysql.cj.exceptions.ExceptionFactory.createException(ExceptionFactory.java:52)
	at com.mysql.cj.exceptions.ExceptionFactory.createException(ExceptionFactory.java:95)
	at com.mysql.cj.exceptions.ExceptionFactory.createException(ExceptionFactory.java:140)
	at com.mysql.cj.exceptions.ExceptionFactory.createCommunicationsException(ExceptionFactory.java:156)
	at com.mysql.cj.protocol.a.NativeSocketConnection.connect(NativeSocketConnection.java:79)
	at com.mysql.cj.NativeSession.connect(NativeSession.java:142)
	at com.mysql.cj.jdbc.ConnectionImpl.connectOneTryOnly(ConnectionImpl.java:963)
	at com.mysql.cj.jdbc.ConnectionImpl.createNewIO(ConnectionImpl.java:827)
	... 14 common frames omitted
Caused by: java.net.ConnectException: Connection timed out: getsockopt
	at java.base/sun.nio.ch.Net.pollConnect(Native Method)
	at java.base/sun.nio.ch.Net.pollConnectNow(Net.java:672)
	at java.base/sun.nio.ch.NioSocketImpl.timedFinishConnect(NioSocketImpl.java:554)
	at java.base/sun.nio.ch.NioSocketImpl.connect(NioSocketImpl.java:602)
	at java.base/java.net.SocksSocketImpl.connect(SocksSocketImpl.java:327)
	at java.base/java.net.Socket.connect(Socket.java:633)
	at com.mysql.cj.protocol.StandardSocketFactory.connect(StandardSocketFactory.java:144)
	at com.mysql.cj.protocol.a.NativeSocketConnection.connect(NativeSocketConnection.java:53)
	... 17 common frames omitted
2026-08-20 15:29:23 [] [] [] [HikariPool-1:connection-adder] WARN  com.zaxxer.hikari.pool.PoolBase - HikariPool-1 - Pool is empty, failed to create/setup connection (65e1d2df-9157-4d56-b727-95d335d9a6b5)
com.mysql.cj.jdbc.exceptions.CommunicationsException: Communications link failure

The last packet sent successfully to the server was 0 milliseconds ago. The driver has not received any packets from the server.
	at com.mysql.cj.jdbc.exceptions.SQLError.createCommunicationsException(SQLError.java:165)
	at com.mysql.cj.jdbc.exceptions.SQLExceptionsMapping.translateException(SQLExceptionsMapping.java:55)
	at com.mysql.cj.jdbc.ConnectionImpl.createNewIO(ConnectionImpl.java:839)
	at com.mysql.cj.jdbc.ConnectionImpl.<init>(ConnectionImpl.java:415)
	at com.mysql.cj.jdbc.ConnectionImpl.getInstance(ConnectionImpl.java:237)
	at com.mysql.cj.jdbc.NonRegisteringDriver.connect(NonRegisteringDriver.java:180)
	at com.zaxxer.hikari.util.DriverDataSource.getConnection(DriverDataSource.java:144)
	at com.zaxxer.hikari.pool.PoolBase.newConnection(PoolBase.java:370)
	at com.zaxxer.hikari.pool.PoolBase.newPoolEntry(PoolBase.java:207)
	at com.zaxxer.hikari.pool.HikariPool.createPoolEntry(HikariPool.java:488)
	at com.zaxxer.hikari.pool.HikariPool$PoolEntryCreator.call(HikariPool.java:752)
	at com.zaxxer.hikari.pool.HikariPool$PoolEntryCreator.call(HikariPool.java:731)
	at java.base/java.util.concurrent.FutureTask.run$$$capture(FutureTask.java:264)
	at java.base/java.util.concurrent.FutureTask.run(FutureTask.java)
	at java.base/java.util.concurrent.ThreadPoolExecutor.runWorker(ThreadPoolExecutor.java:1136)
	at java.base/java.util.concurrent.ThreadPoolExecutor$Worker.run(ThreadPoolExecutor.java:635)
	at java.base/java.lang.Thread.run(Thread.java:840)
Caused by: com.mysql.cj.exceptions.CJCommunicationsException: Communications link failure

The last packet sent successfully to the server was 0 milliseconds ago. The driver has not received any packets from the server.
	at java.base/jdk.internal.reflect.NativeConstructorAccessorImpl.newInstance0(Native Method)
	at java.base/jdk.internal.reflect.NativeConstructorAccessorImpl.newInstance(NativeConstructorAccessorImpl.java:77)
	at java.base/jdk.internal.reflect.DelegatingConstructorAccessorImpl.newInstance(DelegatingConstructorAccessorImpl.java:45)
	at java.base/java.lang.reflect.Constructor.newInstanceWithCaller(Constructor.java:500)
	at java.base/java.lang.reflect.Constructor.newInstance(Constructor.java:481)
	at com.mysql.cj.exceptions.ExceptionFactory.createException(ExceptionFactory.java:52)
	at com.mysql.cj.exceptions.ExceptionFactory.createException(ExceptionFactory.java:95)
	at com.mysql.cj.exceptions.ExceptionFactory.createException(ExceptionFactory.java:140)
	at com.mysql.cj.exceptions.ExceptionFactory.createCommunicationsException(ExceptionFactory.java:156)
	at com.mysql.cj.protocol.a.NativeSocketConnection.connect(NativeSocketConnection.java:79)
	at com.mysql.cj.NativeSession.connect(NativeSession.java:142)
	at com.mysql.cj.jdbc.ConnectionImpl.connectOneTryOnly(ConnectionImpl.java:963)
	at com.mysql.cj.jdbc.ConnectionImpl.createNewIO(ConnectionImpl.java:827)
	... 14 common frames omitted
Caused by: java.net.ConnectException: Connection timed out: getsockopt
	at java.base/sun.nio.ch.Net.pollConnect(Native Method)
	at java.base/sun.nio.ch.Net.pollConnectNow(Net.java:672)
	at java.base/sun.nio.ch.NioSocketImpl.timedFinishConnect(NioSocketImpl.java:554)
	at java.base/sun.nio.ch.NioSocketImpl.connect(NioSocketImpl.java:602)
	at java.base/java.net.SocksSocketImpl.connect(SocksSocketImpl.java:327)
	at java.base/java.net.Socket.connect(Socket.java:633)
	at com.mysql.cj.protocol.StandardSocketFactory.connect(StandardSocketFactory.java:144)
	at com.mysql.cj.protocol.a.NativeSocketConnection.connect(NativeSocketConnection.java:53)
	... 17 common frames omitted
2026-08-20 15:30:31 [] [] [] [SpringApplicationShutdownHook] INFO  o.s.c.n.e.s.EurekaServiceRegistry - Unregistering application TRANSPORTSERVICE with eureka with status DOWN
2026-08-20 15:30:31 [] [] [] [SpringApplicationShutdownHook] INFO  o.s.b.w.e.tomcat.GracefulShutdown - Commencing graceful shutdown. Waiting for active requests to complete
2026-08-20 15:30:31 [] [] [] [tomcat-shutdown] INFO  o.s.b.w.e.tomcat.GracefulShutdown - Graceful shutdown complete
2026-08-20 15:30:31 [] [] [] [SpringApplicationShutdownHook] INFO  o.s.o.j.LocalContainerEntityManagerFactoryBean - Closing JPA EntityManagerFactory for persistence unit 'default'
2026-08-20 15:30:31 [] [] [] [SpringApplicationShutdownHook] INFO  com.zaxxer.hikari.HikariDataSource - HikariPool-1 - Shutdown initiated...
2026-08-20 15:30:31 [] [] [] [SpringApplicationShutdownHook] INFO  com.zaxxer.hikari.HikariDataSource - HikariPool-1 - Shutdown completed.
2026-08-20 15:30:31 [] [] [] [SpringApplicationShutdownHook] INFO  c.netflix.discovery.DiscoveryClient - Shutting down DiscoveryClient ...
2026-08-20 15:30:31 [] [] [] [SpringApplicationShutdownHook] INFO  c.netflix.discovery.DiscoveryClient - Completed shut down of DiscoveryClient
2026-08-20 15:30:42 [] [] [] [main] INFO  c.s.t.TransportServiceApplication - Starting TransportServiceApplication using Java 17.0.16 with PID 28604 (D:\RMSC Code\Transport-Service\target\classes started by conte in D:\SERp\git code staff\Academic-Module)
2026-08-20 15:30:42 [] [] [] [main] INFO  c.s.t.TransportServiceApplication - No active profile set, falling back to 1 default profile: "default"
2026-08-20 15:30:44 [] [] [] [main] INFO  o.s.d.r.c.RepositoryConfigurationDelegate - Bootstrapping Spring Data JPA repositories in DEFAULT mode.
2026-08-20 15:30:44 [] [] [] [main] INFO  o.s.d.r.c.RepositoryConfigurationDelegate - Finished Spring Data repository scanning in 323 ms. Found 19 JPA repository interfaces.
2026-08-20 15:30:45 [] [] [] [main] INFO  o.s.cloud.context.scope.GenericScope - BeanFactory id=18cf57fc-78bb-3ee5-9577-9a6a9b004e35
2026-08-20 15:30:45 [] [] [] [main] INFO  o.s.b.w.e.tomcat.TomcatWebServer - Tomcat initialized with port 8071 (http)
2026-08-20 15:30:45 [] [] [] [main] INFO  o.a.catalina.core.StandardService - Starting service [Tomcat]
2026-08-20 15:30:45 [] [] [] [main] INFO  o.a.catalina.core.StandardEngine - Starting Servlet engine: [Apache Tomcat/10.1.44]
2026-08-20 15:30:46 [] [] [] [main] INFO  o.a.c.c.C.[Tomcat].[localhost].[/] - Initializing Spring embedded WebApplicationContext
2026-08-20 15:30:46 [] [] [] [main] INFO  o.s.b.w.s.c.ServletWebServerApplicationContext - Root WebApplicationContext: initialization completed in 3303 ms
2026-08-20 15:30:46 [] [] [] [main] INFO  o.h.jpa.internal.util.LogHelper - HHH000204: Processing PersistenceUnitInfo [name: default]
2026-08-20 15:30:46 [] [] [] [main] INFO  org.hibernate.Version - HHH000412: Hibernate ORM core version 6.6.26.Final
2026-08-20 15:30:46 [] [] [] [main] INFO  o.h.c.i.RegionFactoryInitiator - HHH000026: Second-level cache disabled
2026-08-20 15:30:46 [] [] [] [main] INFO  o.s.o.j.p.SpringPersistenceUnitInfo - No LoadTimeWeaver setup: ignoring JPA class transformer
2026-08-20 15:30:47 [] [] [] [main] INFO  com.zaxxer.hikari.HikariDataSource - HikariPool-1 - Starting...
2026-08-20 15:30:47 [] [] [] [main] INFO  com.zaxxer.hikari.pool.HikariPool - HikariPool-1 - Added connection com.mysql.cj.jdbc.ConnectionImpl@411933
2026-08-20 15:30:47 [] [] [] [main] INFO  com.zaxxer.hikari.HikariDataSource - HikariPool-1 - Start completed.
2026-08-20 15:30:47 [] [] [] [main] WARN  org.hibernate.orm.deprecation - HHH90000025: MySQL8Dialect does not need to be specified explicitly using 'hibernate.dialect' (remove the property setting and it will be selected by default)
2026-08-20 15:30:47 [] [] [] [main] WARN  org.hibernate.orm.deprecation - HHH90000026: MySQL8Dialect has been deprecated; use org.hibernate.dialect.MySQLDialect instead
2026-08-20 15:30:47 [] [] [] [main] INFO  o.hibernate.orm.connections.pooling - HHH10001005: Database info:
	Database JDBC URL [undefined/unknown]
	Database driver: undefined/unknown
	Database version: 8.0
	Autocommit mode: undefined/unknown
	Isolation level: undefined/unknown
	Minimum pool size: undefined/unknown
	Maximum pool size: undefined/unknown
2026-08-20 15:30:50 [] [] [] [main] INFO  o.h.e.t.j.p.i.JtaPlatformInitiator - HHH000489: No JTA platform available (set 'hibernate.transaction.jta.platform' to enable JTA platform integration)
2026-08-20 15:30:50 [] [] [] [main] INFO  o.s.o.j.LocalContainerEntityManagerFactoryBean - Initialized JPA EntityManagerFactory for persistence unit 'default'
2026-08-20 15:30:51 [] [] [] [main] INFO  o.s.d.j.r.query.QueryEnhancerFactory - Hibernate is in classpath; If applicable, HQL parser will be used.
2026-08-20 15:30:55 [] [] [] [main] WARN  o.s.b.a.o.j.JpaBaseConfiguration$JpaWebConfiguration - spring.jpa.open-in-view is enabled by default. Therefore, database queries may be performed during view rendering. Explicitly configure spring.jpa.open-in-view to disable this warning
2026-08-20 15:30:56 [] [] [] [main] INFO  o.s.c.n.e.c.DiscoveryClientOptionalArgsConfiguration - Eureka HTTP Client uses RestTemplate.
2026-08-20 15:30:56 [] [] [] [main] WARN  o.s.c.l.c.LoadBalancerCacheAutoConfiguration$LoadBalancerCaffeineWarnLogger - Spring Cloud LoadBalancer is currently working with the default cache. While this cache implementation is useful for development and tests, it's recommended to use Caffeine cache in production.You can switch to using Caffeine cache, by adding it and org.springframework.cache.caffeine.CaffeineCacheManager to the classpath.
2026-08-20 15:30:56 [] [] [] [main] INFO  o.s.b.a.e.web.EndpointLinksResolver - Exposing 3 endpoints beneath base path '/actuator'
2026-08-20 15:30:56 [] [] [] [main] INFO  o.s.c.n.eureka.InstanceInfoFactory - Setting initial instance status as: STARTING
2026-08-20 15:30:56 [] [] [] [main] INFO  c.netflix.discovery.DiscoveryClient - Initializing Eureka in region us-east-1
2026-08-20 15:30:56 [] [] [] [main] INFO  c.netflix.discovery.DiscoveryClient - Client configured to neither register nor query for data.
2026-08-20 15:30:56 [] [] [] [main] INFO  c.netflix.discovery.DiscoveryClient - Discovery Client initialized at timestamp 1787220056816 with initial instances count: 0
2026-08-20 15:30:56 [] [] [] [main] INFO  o.s.c.n.e.s.EurekaServiceRegistry - Registering application TRANSPORTSERVICE with eureka with status UP
2026-08-20 15:30:56 [] [] [] [main] INFO  o.s.b.w.e.tomcat.TomcatWebServer - Tomcat started on port 8071 (http) with context path '/'
2026-08-20 15:30:56 [] [] [] [main] INFO  o.s.c.n.e.s.EurekaAutoServiceRegistration - Updating port to 8071
2026-08-20 15:30:57 [] [] [] [main] INFO  c.s.t.TransportServiceApplication - Started TransportServiceApplication in 15.155 seconds (process running for 16.271)
2026-08-20 15:33:43 [] [] [] [http-nio-8071-exec-1] INFO  o.a.c.c.C.[Tomcat].[localhost].[/] - Initializing Spring DispatcherServlet 'dispatcherServlet'
2026-08-20 15:33:43 [] [] [] [http-nio-8071-exec-1] INFO  o.s.web.servlet.DispatcherServlet - Initializing Servlet 'dispatcherServlet'
2026-08-20 15:33:43 [] [] [] [http-nio-8071-exec-1] INFO  o.s.web.servlet.DispatcherServlet - Completed initialization in 2 ms
2026-08-20 15:33:44 [] [] [] [http-nio-8071-exec-1] INFO  c.s.transport.config.TenantFilter - 🔍 Decoded JWT Claims: {sub=15, jti=75343a78-9ff1-46d3-90af-33ca6994ccaf, iat=1787211574, exp=1787213374, type=access, userId=15, userName=abarmate23@gmail.com, hotelId=2, hotelName=Holiday Inn, licenseStatus=ACTIVE, email=abarmate23@gmail.com, authorities=[ROLE_USER]}
2026-08-20 15:33:44 [] [] [] [http-nio-8071-exec-1] WARN  c.s.transport.config.TenantFilter - ⚠️ No 'schema' or 'tenant' claim found in JWT payload
2026-08-20 15:33:44 [] [] [] [http-nio-8071-exec-1] WARN  c.s.transport.config.TenantFilter - ⚠️ No schema resolved from JWT or X-Schema header; using default tenant
2026-08-20 15:33:44 [E0C4A79D] [b45d408b-c023-41ce-baad-42ef67541c22] [GET /api/v1/transport-module/fee-reports/getTransportFeeReport] [http-nio-8071-exec-1] INFO  c.s.t.interceptor.LoggingInterceptor - Incoming request: GET /api/v1/transport-module/fee-reports/getTransportFeeReport | logId: E0C4A79D | requestId: b45d408b-c023-41ce-baad-42ef67541c22
2026-08-20 15:33:59 [E0C4A79D] [b45d408b-c023-41ce-baad-42ef67541c22] [GET /api/v1/transport-module/fee-reports/getTransportFeeReport] [http-nio-8071-exec-1] INFO  c.s.t.interceptor.LoggingInterceptor - Request completed: GET /api/v1/transport-module/fee-reports/getTransportFeeReport | Status: 200 | logId: E0C4A79D | requestId: b45d408b-c023-41ce-baad-42ef67541c22
2026-08-20 15:40:22 [] [] [] [SpringApplicationShutdownHook] INFO  o.s.c.n.e.s.EurekaServiceRegistry - Unregistering application TRANSPORTSERVICE with eureka with status DOWN
2026-08-20 15:40:22 [] [] [] [SpringApplicationShutdownHook] INFO  o.s.b.w.e.tomcat.GracefulShutdown - Commencing graceful shutdown. Waiting for active requests to complete
2026-08-20 15:40:22 [] [] [] [tomcat-shutdown] INFO  o.s.b.w.e.tomcat.GracefulShutdown - Graceful shutdown complete
2026-08-20 15:40:22 [] [] [] [SpringApplicationShutdownHook] INFO  o.s.o.j.LocalContainerEntityManagerFactoryBean - Closing JPA EntityManagerFactory for persistence unit 'default'
2026-08-20 15:40:22 [] [] [] [SpringApplicationShutdownHook] INFO  com.zaxxer.hikari.HikariDataSource - HikariPool-1 - Shutdown initiated...
2026-08-20 15:40:22 [] [] [] [SpringApplicationShutdownHook] INFO  com.zaxxer.hikari.HikariDataSource - HikariPool-1 - Shutdown completed.
2026-08-20 15:40:22 [] [] [] [SpringApplicationShutdownHook] INFO  c.netflix.discovery.DiscoveryClient - Shutting down DiscoveryClient ...
2026-08-20 15:40:22 [] [] [] [SpringApplicationShutdownHook] INFO  c.netflix.discovery.DiscoveryClient - Completed shut down of DiscoveryClient
